mode,point_index,x_m,y_m,z_m
baseline,0,50.00000202813021,50.000045404831326,65.0
baseline,1,50.000664761191345,50.00066395559227,65.0
baseline,2,50.00512626902177,50.00482802892023,65.0
baseline,3,50.016708427021136,50.01563804137309,65.0
baseline,4,50.03823622142547,50.03573064636142,65.0
baseline,5,50.07206345047089,50.067302721897526,65.0
baseline,6,50.1200984255572,50.112135358344446,65.0
baseline,7,50.18382967241152,50.17161784616491,65.0
baseline,8,50.26435163225189,50.24677166367037,65.0
baseline,9,50.36239036295097,50.33827446477001,65.0
baseline,10,50.478329240199635,50.44648406671968,65.0
baseline,11,50.61223465867059,50.57146243787098,65.0
baseline,12,50.76388173318204,50.71299968542015,65.0
baseline,13,50.93277999986133,50.8706380431572,65.0
baseline,14,51.11819911730853,51.04369585921478,65.0
baseline,15,51.319194567760086,51.23129158381725,65.0
baseline,16,51.53463335825253,51.43236775702969,65.0
baseline,17,51.76321972178595,51.64571499650678,65.0
baseline,18,52.003520818487814,51.869995985241985,65.0
baseline,19,52.25399243677645,52.10376945931639,65.0
baseline,20,52.51300469452477,52.34551419564776,65.0
baseline,21,52.77886774022385,52.59365299973955,65.0
baseline,22,53.04985745414663,52.84657669342987,65.0
baseline,23,53.32424114951147,53.102668102640514,65.0
baseline,24,53.600303273645814,53.36032604512595,65.0
baseline,25,53.876371109149865,53.61798931822226,65.0
baseline,26,54.15084047506014,53.874160686596234,65.0
baseline,27,54.332181708918135,54.04341247856201,65.0
baseline,28,54.60074166338785,54.29406839711521,65.0
baseline,29,54.864272624632285,54.54003058938758,65.0
baseline,30,55.12195667691619,54.780535667478134,65.0
baseline,31,55.37313138067936,55.014965354560125,65.0
baseline,32,55.61728120548213,55.242838488964615,65.0
baseline,33,55.854028962950785,55.463803028264216,65.0
baseline,34,56.08312723972308,55.677628053356685,65.0
baseline,35,56.304449830393644,55.884195772548644,65.0
baseline,36,56.51798317045944,56.083493525639234,65.0
baseline,37,56.72381776926522,56.275605788003794,65.0
baseline,38,56.922139642949055,56.46070617467748,65.0
baseline,39,57.11322174738764,56.639049444438996,65.0
baseline,40,57.297415411141905,56.81096350389425,65.0
baseline,41,57.475141768402366,56.97684141155998,65.0
baseline,42,57.646883191934634,57.13713338194743,65.0
baseline,43,57.81317472602485,57.29233878964609,65.0
baseline,44,57.97459551942512,57.442998173407254,65.0
baseline,45,58.13176025829903,57.58968524022778,65.0
baseline,46,58.28531059916705,57.73299886943371,65.0
baseline,47,58.43590660185199,57.873555116763924,65.0
baseline,48,58.58421816242451,58.01197921845388,65.0
baseline,49,58.73091644614849,58.14889759531919,65.0
baseline,50,58.87666532042656,58.28492985683934,65.0
baseline,51,59.02211278774551,58.42068080524136,65.0
baseline,52,59.16788241862177,58.556732439583506,65.0
baseline,53,59.31456478454689,58.693635959838836,65.0
baseline,54,59.41313318638544,58.78563312059183,65.0
baseline,55,59.56251152505112,58.92505288168068,65.0
baseline,56,59.71402596396971,59.0664663360291,65.0
baseline,57,59.86795344287461,59.210131960681395,65.0
baseline,58,60.02451475144893,59.3562558259765,65.0
baseline,59,60.18387766705342,59.504994524093405,65.0
baseline,60,60.34616009245417,59.65645809759671,65.0
baseline,61,60.51143319355044,59.81071296798206,65.0
baseline,62,60.67972453710244,59.967784864221656,65.0
baseline,63,60.851021228459125,60.127661751309766,65.0
baseline,64,61.025273049286064,60.29029675880813,65.0
baseline,65,61.2023955952931,60.45561110939157,65.0
baseline,66,61.38227341396225,60.62349704739335,65.0
baseline,67,61.564763142275474,60.79382076735078,65.0
baseline,68,61.74969664444248,60.96642534255061,65.0
baseline,69,61.9368841496285,61.141133653574606,65.0
baseline,70,62.12611738968205,61.317751316844934,65.0
baseline,71,62.317172736862865,61.496069613169745,65.0
baseline,72,62.50981434156951,61.6758684162886,65.0
baseline,73,62.703797270067334,61.85691912141801,65.0
baseline,74,62.89887064221616,62.038987573796874,65.0
baseline,75,63.09478076919813,62.22183699723196,65.0
baseline,76,63.291274291245486,62.40523092264347,65.0
baseline,77,63.488101315368425,62.588936116610455,65.0
baseline,78,63.685018553082735,62.77272550991634,65.0
baseline,79,63.881792458137795,62.95638112609438,65.0
baseline,80,64.07820236424426,63.13969700997317,65.0
baseline,81,64.20883826511772,63.26162383184103,65.0
baseline,82,64.40420397869939,63.44396513618146,65.0
baseline,83,64.59875138554487,63.62554268768681,65.0
baseline,84,64.79237871874797,63.806261503926066,65.0
baseline,85,64.98500511478919,63.986046112292726,65.0
baseline,86,65.17656944227416,64.16483945682758,65.0
baseline,87,65.36702913067178,64.34260180504116,65.0
baseline,88,65.55635899905282,64.51930965473645,65.0
baseline,89,65.7445500848279,64.69495464083137,65.0
baseline,90,65.93160847248609,64.86954244218144,65.0
baseline,91,66.11755412233299,65.04309168840238,65.0
baseline,92,66.30241969922925,65.21563286669269,65.0
baseline,93,66.48624940132866,65.38720722865624,65.0
baseline,94,66.66909778881677,65.55786569712483,65.0
baseline,95,66.85102861264882,65.72766777298092,65.0
baseline,96,67.03211364328841,65.89668044198001,65.0
baseline,97,67.21243149944559,66.06497708157345,65.0
baseline,98,67.39206647681517,66.23263636773088,65.0
baseline,99,67.57110737681526,66.3997411817629,65.0
baseline,100,67.74964633532535,66.56637751714375,65.0
baseline,101,67.92777765142468,66.73263338633367,65.0
baseline,102,68.10559661613057,66.8985977276017,65.0
baseline,103,68.28319834113678,67.0643593118482,65.0
baseline,104,68.46067658755176,67.23000564942745,65.0
baseline,105,68.638122594637,67.39562189697028,65.0
baseline,106,68.81562390854529,67.56128976420663,65.0
baseline,107,68.9932632110591,67.7270864207881,65.0
baseline,108,69.11180420674883,67.8377246662387,65.0
baseline,109,69.2898373294217,68.00388888824486,65.0
baseline,110,69.46817847058253,68.1703405941284,65.0
baseline,111,69.6468656420594,68.33711526159009,65.0
baseline,112,69.82592902873068,68.50424106317865,65.0
baseline,113,70.00539142730685,68.67173927582058,65.0
baseline,114,70.18526868511232,68.83962469034965,65.0
baseline,115,70.36557013886726,69.00790602103672,65.0
baseline,116,70.54629905346947,69.17658631511925,65.0
baseline,117,70.7274530607762,69.34566336233101,65.0
baseline,118,70.90902459838595,69.51513010443172,65.0
baseline,119,71.09100134842043,69.68497504473669,65.0
baseline,120,71.27336667630615,69.8551826576465,65.0
baseline,121,71.45610006955656,70.02573379817662,65.0
baseline,122,71.63917757655362,70.19660611148704,65.0
baseline,123,71.82257224532987,70.36777444241203,65.0
baseline,124,72.00625456235004,70.53921124498962,65.0
baseline,125,72.19019289129301,70.71088699199137,65.0
baseline,126,72.37435391183372,70.88277058445206,65.0
baseline,127,72.55870305842483,71.05482976119914,65.0
baseline,128,72.74320495907864,71.2270315083826,65.0
baseline,129,72.92782387414897,71.3993424690045,65.0
baseline,130,73.1125241351129,71.57172935244864,65.0
baseline,131,73.29727058335276,71.74415934401026,65.0
baseline,132,73.48202900893773,71.91660051442558,65.0
baseline,133,73.6667665894059,72.08902222940159,65.0
baseline,134,73.851452328546,72.26139555914561,65.0
baseline,135,73.97453305921223,72.37627088991586,65.0
baseline,136,74.15907098206486,72.54850625781299,65.0
baseline,137,74.34349333542215,72.72063376086456,65.0
baseline,138,74.52778587749935,72.89264010674022,65.0
baseline,139,74.71193730034894,73.06451474135723,65.0
baseline,140,74.89593906537327,73.23624969535905,65.0
baseline,141,75.07978523883706,73.40783943059361,65.0
baseline,142,75.26347232738,73.57928068659174,65.0
baseline,143,75.44699911352923,73.75057232704569,65.0
baseline,144,75.630366491212,73.9217151862874,65.0
baseline,145,75.81357730126821,74.09271191576703,65.0
baseline,146,75.99663616696292,74.26356683053129,65.0
baseline,147,76.17954932949895,74.43428575570191,65.0
baseline,148,76.36232448352945,74.60487587295405,65.0
baseline,149,76.54497061267041,74.77534556699469,65.0
baseline,150,76.72749782501333,74.94570427204103,65.0
baseline,151,76.90991718863764,75.11596231829901,65.0
baseline,152,77.09224056712333,75.28613077844155,65.0
baseline,153,77.27448045506358,75.45622131408709,65.0
baseline,154,77.45664981357719,75.62624602227802,65.0
baseline,155,77.63876190582126,75.79621728195897,65.0
baseline,156,77.8208301325036,75.96614760045539,65.0
baseline,157,78.00286786739551,76.13604945995178,65.0
baseline,158,78.18488829284411,76.3059351639703,65.0
baseline,159,78.36690423528509,76.47581668384905,65.0
baseline,160,78.54892800075518,76.64570550522043,65.0
baseline,161,78.73097121040466,76.8156124744898,65.0
baseline,162,78.8523495118063,76.92889887152666,65.0
baseline,163,79.0344481534093,77.09885757727793,65.0
baseline,164,79.21659013131577,77.26885673023949,65.0
baseline,165,79.39878078450174,77.43890131345483,65.0
baseline,166,79.5810243520101,77.60899528336344,65.0
baseline,167,79.76332403462027,77.77914162735887,65.0
baseline,168,79.94568205651747,77.94934242134714,65.0
baseline,169,80.12809972696243,78.11959888730463,65.0
baseline,170,80.31057750196084,78.28991145083663,65.0
baseline,171,80.49311504593284,78.4602797987353,65.0
baseline,172,80.67571129338253,78.630702936538,65.0
baseline,173,80.85836451056758,78.8011792460854,65.0
baseline,174,81.0410723571686,78.97170654307976,65.0
baseline,175,81.2238319479587,79.14228213464314,65.0
baseline,176,81.40663991447312,79.31290287687554,65.0
baseline,177,81.58949246667859,79.48356523241307,65.0
baseline,178,81.77238545464289,79.65426532798635,65.0
baseline,179,81.95531443020441,79.82499901197848,65.0
baseline,180,82.13827470864162,79.99576191198337,65.0
baseline,181,82.32126143034255,80.1665494923639,65.0
baseline,182,82.50426962247442,80.33735711181019,65.0
baseline,183,82.68729426065305,80.50818008089774,65.0
baseline,184,82.87033033061238,80.67901371964561,65.0
baseline,185,83.053372889874,80.84985341507469,65.0
baseline,186,83.23641712941671,81.02069467876588,65.0
baseline,187,83.41945843534597,81.19153320441826,65.0
baseline,188,83.60249245056343,81.36236492540738,65.0
baseline,189,83.72450906762649,81.47624708363563,65.0
baseline,190,83.90752229897085,81.6470594063462,65.0
baseline,191,84.09051928183528,81.81785656381115,65.0
baseline,192,84.27349801452651,81.9886366877838,65.0
baseline,193,84.45645690774568,82.15939829491873,65.0
baseline,194,84.63939476146652,82.33014026519156,65.0
baseline,195,84.82231074181374,82.50086182031893,65.0
baseline,196,85.0052043579415,82.671562502178,65.0
baseline,197,85.18807543891177,82.84224215122666,65.0
baseline,198,85.37092411057257,83.0129008849231,65.0
baseline,199,85.55375077243659,83.18353907614573,65.0
baseline,200,85.73655607455933,83.35415733161294,65.0
baseline,201,85.91934089441766,83.52475647030299,65.0
baseline,202,86.1021063137881,83.69533750187382,65.0
baseline,203,86.28485359562526,83.86590160508288,65.0
baseline,204,86.46758416094015,84.03645010620693,65.0
baseline,205,86.65029956567858,84.20698445746183,65.0
baseline,206,86.8330014775997,84.37750621542249,65.0
baseline,207,87.01569165315402,84.54801701944253,65.0
baseline,208,87.19837191436221,84.7185185700743,65.0
baseline,209,87.38104412569315,84.88901260748848,65.0
baseline,210,87.56371017094254,85.05950088989405,65.0
baseline,211,87.74637193011108,85.22998517195816,65.0
baseline,212,87.92903125628303,85.40046718322579,65.0
baseline,213,88.11168995250445,85.57094860653969,65.0
baseline,214,88.29434974866167,85.7414310564602,65.0
baseline,215,88.47701227835965,85.91191605768498,65.0
baseline,216,88.59878957015759,86.0255748457005,65.0
baseline,217,88.78145989240396,86.19606711996931,65.0
baseline,218,88.96413630671854,86.36656508016762,65.0
baseline,219,89.14681956359254,86.53706942675367,65.0
baseline,220,89.3295102588984,86.70758071587508,65.0
baseline,221,89.51220884255888,86.87809936745965,65.0
baseline,222,89.69491562721605,87.0486256733066,65.0
baseline,223,89.87763079690025,87.21915980517757,65.0
baseline,224,90.06035441569901,87.38970182288759,65.0
baseline,225,90.24308643642611,87.56025168239614,65.0
baseline,226,90.42582670929052,87.73080924389832,65.0
baseline,227,90.60857499056534,87.90137427991576,65.0
baseline,228,90.79133095125685,88.07194648338763,65.0
baseline,229,90.97409418577345,88.24252547576187,65.0
baseline,230,91.1568642205946,88.41311081508604,65.0
baseline,231,91.3396405229399,88.58370200409847,65.0
baseline,232,91.52242250943789,88.7542984983193,65.0
baseline,233,91.70520955479529,88.92489971414147,65.0
baseline,234,91.88800100046569,89.09550503692182,65.0
baseline,235,92.07079616331872,89.26611382907211,65.0
baseline,236,92.25359434430896,89.43672543815003,65.0
baseline,237,92.43639483714496,89.6073392049503,65.0
baseline,238,92.61919693695815,89.77795447159569,65.0
baseline,239,92.8019999489718,89.94857058962808,65.0
baseline,240,92.98480319717012,90.11918692809947,65.0
baseline,241,93.16760603296714,90.28980288166302,65.0
baseline,242,93.35040784387571,90.46041787866417,65.0
baseline,243,93.47227486597313,90.57416041494622,65.0
baseline,244,93.65507375521905,90.74477268506263,65.0
baseline,245,93.83787036036483,90.91538282335263,65.0
baseline,246,94.0206644000292,91.08599056719365,65.0
baseline,247,94.20345565080203,91.25659570806961,65.0
baseline,248,94.38624394399397,91.42719808853721,65.0
baseline,249,94.56902916238644,91.5977975991924,65.0
baseline,250,94.75181123698113,91.76839417563679,65.0
baseline,251,94.93459014374983,91.93898779544405,65.0
baseline,252,95.11736590038426,92.10957847512644,65.0
baseline,253,95.30013856304565,92.28016626710112,65.0
baseline,254,95.4829082231146,92.45075125665662,65.0
baseline,255,95.66567500394078,92.62133355891925,65.0
baseline,256,95.84843905759261,92.79191331581961,65.0
baseline,257,96.03120056160726,92.96249069305897,65.0
baseline,258,96.21395971574005,93.13306587707552,65.0
baseline,259,96.3967167387143,93.30363907201117,65.0
baseline,260,96.57947186497128,93.4742104966776,65.0
baseline,261,96.7622253414197,93.64478038152293,65.0
baseline,262,96.94497742418552,93.81534896559808,65.0
baseline,263,97.12772837536181,93.98591649352312,65.0
baseline,264,97.31047845975829,94.15648321245381,65.0
baseline,265,97.49322794165124,94.32704936904798,65.0
baseline,266,97.67597708153319,94.49761520643193,65.0
baseline,267,97.85872613286264,94.66818096116688,65.0
baseline,268,98.04147533881383,94.83874686021542,65.0
baseline,269,98.22422492902643,95.0093131179079,65.0
baseline,270,98.34605830854908,95.12302425445839,65.0
baseline,271,98.52880899418047,95.29359153454156,65.0
baseline,272,98.71156053618925,95.46415961391023,65.0
baseline,273,98.89431304007371,95.63472859102936,65.0
baseline,274,99.07706658959695,95.80529854407786,65.0
baseline,275,99.25982124800558,95.9758695320859,65.0
baseline,276,99.44257705924836,96.1464415960723,65.0
baseline,277,99.6253340491948,96.31701476018196,65.0
baseline,278,99.80809222685377,96.48758903282314,65.0
baseline,279,99.99085158559213,96.65816440780493,65.0
baseline,280,100.17361210435334,96.82874086547451,65.0
baseline,281,100.35637374887608,96.99931837385469,65.0
baseline,282,100.53913647291286,97.1698968897812,65.0
baseline,283,100.72190021944867,97.34047636003994,65.0
baseline,284,100.90466492191958,97.51105672250468,65.0
baseline,285,101.08743050543133,97.68163790727402,65.0
baseline,286,101.27019688797797,97.85221983780917,65.0
baseline,287,101.45296398166053,98.02280243207109,65.0
baseline,288,101.63573169390553,98.19338560365784,65.0
baseline,289,101.8184999286837,98.36396926294218,65.0
baseline,290,102.00126858772856,98.53455331820867,65.0
baseline,291,102.18403757175503,98.70513767679127,65.0
baseline,292,102.36680678167802,98.87572224621061,65.0
baseline,293,102.54957611983116,99.04630693531136,65.0
baseline,294,102.73234549118524,99.2168916553997,65.0
baseline,295,102.91511480456697,99.38747632138055,65.0
baseline,296,103.09788397387767,99.55806085289505,65.0
baseline,297,103.219729967006,99.67178376214233,65.0
baseline,298,103.40249872561148,99.84236791033204,65.0
baseline,299,103.5852671631355,100.01295175884579,65.0
baseline,300,103.76803524002362,100.18353527076607,65.0
baseline,301,103.95080292487059,100.35411841678133,65.0
baseline,302,104.13357019396328,100.52470117475936,65.0
baseline,303,104.31633703082407,100.69528352932099,65.0
baseline,304,104.49910342575369,100.86586547141356,65.0
baseline,305,104.68186937537443,101.03644699788461,65.0
baseline,306,104.86463488217328,101.20702811105525,65.0
baseline,307,105.04739995404492,101.37760881829395,65.0
baseline,308,105.230164603835,101.54818913158988,65.0
baseline,309,105.41292884888303,101.71876906712664,65.0
baseline,310,105.59569271056566,101.88934864485574,65.0
baseline,311,105.7784562138397,102.05992788807025,65.0
baseline,312,105.96121938678525,102.23050682297817,65.0
baseline,313,106.14398226014879,102.40108547827626,65.0
baseline,314,106.32674486688623,102.57166388472338,65.0
baseline,315,106.50950724170617,102.7422420747142,65.0
baseline,316,106.69226942061283,102.91282008185262,65.0
baseline,317,106.87503144044923,103.08339794052554,65.0
baseline,318,107.05779333844035,103.25397568547619,65.0
baseline,319,107.24055515173613,103.42455335137785,65.0
baseline,320,107.4233169169546,103.5951309724074,65.0
baseline,321,107.60607866972504,103.76570858181874,65.0
baseline,322,107.78884044423104,103.93628621151662,65.0
baseline,323,107.97160227275357,104.10686389162996,65.0
baseline,324,108.09344353666474,104.22058238694189,65.0
baseline,325,108.2762055191729,104.39116021077511,65.0
baseline,326,108.45896762206412,104.5617381469658,65.0
baseline,327,108.64172986016847,104.73231620935542,65.0
baseline,328,108.82449224526076,104.90289440893376,65.0
baseline,329,109.00725478623173,105.07347275399883,65.0
baseline,330,109.19001748925932,105.24405125031674,65.0
baseline,331,109.37278035798012,105.41462990128161,65.0
baseline,332,109.55554339366049,105.58520870807541,65.0
baseline,333,109.738306595368,105.75578766982785,65.0
baseline,334,109.92106996014272,105.92636678377627,65.0
baseline,335,110.10383348316839,106.09694604542561,65.0
baseline,336,110.28659715794392,106.26752544870814,65.0
baseline,337,110.46936097645458,106.43810498614343,65.0
baseline,338,110.65212492934333,106.60868464899822,65.0
baseline,339,110.83488900608208,106.77926442744634,65.0
baseline,340,111.0176531951431,106.94984431072855,65.0
baseline,341,111.20041748417013,107.12042428731239,65.0
baseline,342,111.38318186015003,107.29100434505219,65.0
baseline,343,111.56594630958361,107.46158447134877,65.0
baseline,344,111.74871081865739,107.63216465330952,65.0
baseline,345,111.93147537341459,107.80274487790813,65.0
baseline,346,112.1142399599266,107.97332513214457,65.0
baseline,347,112.29700456446425,108.14390540320491,65.0
baseline,348,112.47976917366903,108.31448567862124,65.0
baseline,349,112.66253377472451,108.48506594643156,65.0
baseline,350,112.84529835552755,108.65564619533963,65.0
baseline,351,112.96714139256335,108.76936634556763,65.0
baseline,352,113.14990591563259,108.93994654059082,65.0
baseline,353,113.33267039356664,109.11052669348784,65.0
baseline,354,113.51543482080528,109.28110679906911,65.0
baseline,355,113.69819919293371,109.45168685321423,65.0
baseline,356,113.88096350661858,109.62226685281205,65.0
baseline,357,114.06372775954361,109.79284679570065,65.0
baseline,358,114.2464919503453,109.9634266806075,65.0
baseline,359,114.42925607854887,110.13400650708944,65.0
baseline,360,114.61202014450389,110.30458627547277,65.0
baseline,361,114.79478414932018,110.47516598679327,65.0
baseline,362,114.97754809480342,110.64574564273629,65.0
baseline,363,115.16031198339117,110.81632524557679,65.0
baseline,364,115.34307581808827,110.98690479811947,65.0
baseline,365,115.52583960240307,111.15748430363855,65.0
baseline,366,115.70860334028275,111.32806376581831,65.0
baseline,367,115.8913670360495,111.49864318869261,65.0
baseline,368,116.07413069433602,111.66922257658537,65.0
baseline,369,116.2568943200213,111.83980193405031,65.0
baseline,370,116.4396579181666,112.01038126581128,65.0
baseline,371,116.62242149395101,112.18096057670209,65.0
baseline,372,116.80518505260733,112.35153987160672,65.0
baseline,373,116.98794859935784,112.5221191553992,65.0
baseline,374,117.17071213935,112.69269843288394,65.0
baseline,375,117.35347567759233,112.86327770873544,65.0
baseline,376,117.53623921889006,113.0338569874387,65.0
baseline,377,117.719002767781,113.20443627322896,65.0
baseline,378,117.84084514001948,113.31815580297958,65.0
baseline,379,118.02360871055657,113.4887351089729,65.0
baseline,380,118.2063722980162,113.65931443076057,65.0
baseline,381,118.38913590448306,113.82989377028834,65.0
baseline,382,118.57189953161236,114.00047312910104,65.0
baseline,383,118.75466318065389,114.17105250836515,65.0
baseline,384,118.93742685247611,114.34163190889124,65.0
baseline,385,119.12019054759024,114.51221133115644,65.0
baseline,386,119.30295426617427,114.68279077532684,65.0
baseline,387,119.48571800809712,114.85337024128019,65.0
baseline,388,119.6684817729427,115.02394972862805,65.0
baseline,389,119.85124556003402,115.19452923673863,65.0
baseline,390,120.03400936845716,115.36510876475889,65.0
baseline,391,120.2167731970855,115.53568831163733,65.0
baseline,392,120.39953704460369,115.70626787614628,65.0
baseline,393,120.58230090953178,115.8768474569045,65.0
baseline,394,120.76506479024926,116.04742705239944,65.0
baseline,395,120.9478286850192,116.21800666101008,65.0
baseline,396,121.1305925920123,116.38858628102896,65.0
baseline,397,121.313356509331,116.55916591068502,65.0
baseline,398,121.49612043503345,116.72974554816597,65.0
baseline,399,121.6788843671577,116.9003251916406,65.0
baseline,400,121.86164830374582,117.07090483928148,65.0
baseline,401,122.04441224286786,117.24148448928734,65.0
baseline,402,122.22717618264595,117.41206413990555,65.0
baseline,403,122.40994012127848,117.58264378945455,65.0
baseline,404,122.59270405706407,117.7532234363464,65.0
baseline,405,122.71454667855491,117.86694319873251,65.0
baseline,406,122.89731060622474,118.03752283804965,65.0
baseline,407,123.0800745275498,118.20810247144503,65.0
baseline,408,123.26283844174846,118.3786820981891,65.0
baseline,409,123.4456023482002,118.5492617177027,65.0
baseline,410,123.62836624643634,118.7198413295484,65.0
baseline,411,123.81113013613134,118.89042093342239,65.0
baseline,412,123.99389401709352,119.06100052914573,65.0
baseline,413,124.1766578892561,119.23158011665616,65.0
baseline,414,124.3594217526683,119.40215969599953,65.0
baseline,415,124.54218560748609,119.57273926732144,65.0
baseline,416,124.72494945396323,119.74331883085878,65.0
baseline,417,124.9077132924425,119.91389838693141,65.0
baseline,418,125.09047712334619,120.0844779359335,65.0
baseline,419,125.27324094716754,120.25505747832543,65.0
baseline,420,125.4560047644614,120.42563701462501,65.0
baseline,421,125.63876857583536,120.59621654539934,65.0
baseline,422,125.82153238194059,120.76679607125625,65.0
baseline,423,126.004296183463,120.93737559283583,65.0
baseline,424,126.18705998111405,121.10795511080215,65.0
baseline,425,126.36982377562178,121.27853462583471,65.0
baseline,426,126.5525875677218,121.44911413862003,65.0
baseline,427,126.73535135814816,121.61969364984327,65.0
baseline,428,126.91811514762449,121.79027316017986,65.0
baseline,429,127.10087893685483,121.96085267028685,65.0
baseline,430,127.28364272651469,122.13143218079472,65.0
baseline,431,127.46640651724195,122.30201169229883,65.0
baseline,432,127.58824904528062,122.41573136746293,65.0
baseline,433,127.77101283905073,122.58631088180702,65.0
baseline,434,127.95377663519969,122.75689039837135,65.0
baseline,435,128.13654043402053,122.92746991742946,65.0
baseline,436,128.31930423574588,123.0980494391985,65.0
baseline,437,128.5020680405516,123.26862896384246,65.0
baseline,438,128.68483184855958,123.43920849147526,65.0
baseline,439,128.86759565984175,123.60978802216395,65.0
baseline,440,129.05035947442317,123.78036755593195,65.0
baseline,441,129.23312329228537,123.950947092762,65.0
baseline,442,129.41588711336988,124.12152663259954,65.0
baseline,443,129.59865093758154,124.29210617535574,65.0
baseline,444,129.78141476479183,124.4626857209107,65.0
baseline,445,129.96417859484245,124.63326526911658,65.0
baseline,446,130.14694242754842,124.80384481980083,65.0
baseline,447,130.3297062627018,124.97442437276926,65.0
baseline,448,130.5124701000747,125.14500392780931,65.0
baseline,449,130.69523393942296,125.31558348469304,65.0
baseline,450,130.8779977804895,125.48616304318044,65.0
baseline,451,131.06076162300755,125.6567426030226,65.0
baseline,452,131.24352546670409,125.8273221639647,65.0
baseline,453,131.42628931130335,125.99790172574933,65.0
baseline,454,131.6090531565301,126.16848128811965,65.0
baseline,455,131.79181700211308,126.33906085082239,65.0
baseline,456,131.97458084778827,126.50964041361124,65.0
baseline,457,132.15734469330246,126.68021997624979,65.0
baseline,458,132.3401085384164,126.85079953851479,65.0
baseline,459,132.4619511014931,126.964519246381,65.0
baseline,460,132.64471494546623,127.1350988075812,65.0
baseline,461,132.8274787885474,127.305678367949,65.0
baseline,462,133.01024263062683,127.47625792738178,65.0
baseline,463,133.19300647161725,127.64683748579819,65.0
baseline,464,133.37577031145278,127.81741704313667,65.0
baseline,465,133.5585341500877,127.98799659935457,65.0
baseline,466,133.741297987495,128.15857615442673,65.0
baseline,467,133.9240618236653,128.32915570834436,65.0
baseline,468,134.10682565860557,128.49973526111387,65.0
baseline,469,134.28958949233768,128.67031481275586,65.0
baseline,470,134.4723533248973,128.84089436330353,65.0
baseline,471,134.6551171563327,129.01147391280188,65.0
baseline,472,134.83788098670317,129.18205346130628,65.0
baseline,473,135.02064481607803,129.35263300888153,65.0
baseline,474,135.2034086445353,129.5232125556003,65.0
baseline,475,135.38617247216044,129.69379210154236,65.0
baseline,476,135.5689362990449,129.8643716467932,65.0
baseline,477,135.7517001252852,130.0349511914428,65.0
baseline,478,135.93446395098124,130.20553073558446,65.0
baseline,479,136.1172277762354,130.37611027931365,65.0
baseline,480,136.29999160115113,130.54668982272702,65.0
baseline,481,136.4827554258316,130.71726936592077,65.0
baseline,482,136.66551925037854,130.8878489089899,65.0
baseline,483,136.84828307489084,131.0584284520267,65.0
baseline,484,137.03104689946358,131.22900799511993,65.0
baseline,485,137.21381072418635,131.39958753835316,65.0
baseline,486,137.3356532741262,131.51330723395841,65.0
baseline,487,137.5184170992767,131.68388677759089,65.0
baseline,488,137.7011809247616,131.85446632153543,65.0
baseline,489,137.88394475062208,132.02504586583058,65.0
baseline,490,138.0667085768909,132.19562541050678,65.0
baseline,491,138.2494724035927,132.3662049555871,65.0
baseline,492,138.43223623074462,132.53678450108757,65.0
baseline,493,138.61500005835686,132.70736404701765,65.0
baseline,494,138.79776388643288,132.8779435933806,65.0
baseline,495,138.98052771497,133.0485231401739,65.0
baseline,496,139.16329154396016,133.21910268739006,65.0
baseline,497,139.34605537338993,133.3896822350165,65.0
baseline,498,139.5288192032412,133.56026178303637,65.0
baseline,499,139.7115830334917,133.7308413314288,65.0
baseline,500,139.89434686411553,133.9014208801697,65.0
baseline,501,140.07711069508338,134.0720004292317,65.0
baseline,502,140.2598745263632,134.24257997858484,65.0
baseline,503,140.44263835792074,134.4131595281972,65.0
baseline,504,140.6254021897198,134.58373907803502,65.0
baseline,505,140.80816602172294,134.75431862806323,65.0
baseline,506,140.9909298538917,134.9248981782461,65.0
baseline,507,141.17369368618742,135.0954777285474,65.0
baseline,508,141.35645751857132,135.26605727893104,65.0
baseline,509,141.53922135100527,135.43663682936136,65.0
baseline,510,141.72198518345215,135.60721637980382,65.0
baseline,511,141.90474901587646,135.77779593022512,65.0
baseline,512,142.08751284824444,135.94837548059394,65.0
baseline,513,142.20935540310973,136.06209518079618,65.0
baseline,514,142.39211923531738,136.23267473101532,65.0
baseline,515,142.57488306739964,136.4032542811174,65.0
baseline,516,142.7576468993411,136.5738338310881,65.0
baseline,517,142.94041073112948,136.74441338091594,65.0
baseline,518,143.12317456275554,136.91499293059218,65.0
baseline,519,143.30593839421275,137.08557248011098,65.0
baseline,520,143.48870222549746,137.25615202946867,65.0
baseline,521,143.67146605660824,137.4267315786641,65.0
baseline,522,143.85422988754613,137.5973111276981,65.0
baseline,523,144.03699371831416,137.76789067657361,65.0
baseline,524,144.2197575489174,137.9384702252953,65.0
baseline,525,144.40252137936264,138.1090497738695,65.0
baseline,526,144.58528520965814,138.27962932230395,65.0
baseline,527,144.76804903981366,138.45020887060778,65.0
baseline,528,144.95081286984026,138.62078841879122,65.0
baseline,529,145.13357669974982,138.7913679668655,65.0
baseline,530,145.31634052955528,138.9619475148426,65.0
baseline,531,145.49910435927018,139.1325270627351,65.0
baseline,532,145.68186818890862,139.3031066105563,65.0
baseline,533,145.8646320184849,139.4736861583195,65.0
baseline,534,146.0473958480136,139.64426570603834,65.0
baseline,535,146.23015967750925,139.81484525372622,65.0
baseline,536,146.41292350698612,139.9854248013966,65.0
baseline,537,146.59568733645816,140.1560043490625,65.0
baseline,538,146.77845116593858,140.32658389673628,65.0
baseline,539,146.9612149954402,140.49716344442976,65.0
baseline,540,147.08305754845878,140.61088314290848,65.0
baseline,541,147.2658213780205,140.78146269065806,65.0
baseline,542,147.4485852076292,140.95204223845155,65.0
baseline,543,147.63134903729076,141.12262178629427,65.0
baseline,544,147.81411286700967,141.2932013341906,65.0
baseline,545,147.99687669678943,141.4637808821437,65.0
baseline,546,148.17964052663254,141.6343604301559,65.0
baseline,547,148.3624043565403,141.8049399782285,65.0
baseline,548,148.54516818651325,141.97551952636192,65.0
baseline,549,148.72793201655102,142.14609907455585,65.0
baseline,550,148.9106958466525,142.3166786228092,65.0
baseline,551,149.0934596768158,142.48725817112023,65.0
baseline,552,149.27622350703828,142.6578377194866,65.0
baseline,553,149.4589873373169,142.8284172679053,65.0
baseline,554,149.641751167648,142.998996816373,65.0
baseline,555,149.8245149980275,143.16957636488584,65.0
baseline,556,150.00727882845084,143.3401559134396,65.0
baseline,557,150.1900426589132,143.51073546202983,65.0
baseline,558,150.37280648940953,143.6813150106517,65.0
baseline,559,150.55557031993456,143.85189455930038,65.0
baseline,560,150.73833415048279,144.02247410797077,65.0
baseline,561,150.92109798104897,144.1930536566578,65.0
baseline,562,151.10386181162747,144.36363320535645,65.0
baseline,563,151.28662564221307,144.53421275406163,65.0
baseline,564,151.46938947280046,144.70479230276854,65.0
baseline,565,151.65215330338467,144.87537185147244,65.0
baseline,566,151.83491713396094,145.045951400169,65.0
baseline,567,151.95675968767193,145.1596710992939,65.0
baseline,568,152.1395235182257,145.3302506479694,65.0
baseline,569,152.32228734876185,145.50083019662844,65.0
baseline,570,152.50505117927815,145.67140974526902,65.0
baseline,571,152.687815009773,145.84198929388947,65.0
baseline,572,152.870578840245,146.01256884248872,65.0
baseline,573,153.05334267069324,146.18314839106574,65.0
baseline,574,153.23610650111726,146.35372793962014,65.0
baseline,575,153.4188703315168,146.52430748815175,65.0
baseline,576,153.60163416189212,146.69488703666065,65.0
baseline,577,153.78439799224347,146.86546658514726,65.0
baseline,578,153.96716182257174,147.03604613361227,65.0
baseline,579,154.14992565287773,147.2066256820565,65.0
baseline,580,154.3326894831627,147.37720523048117,65.0
baseline,581,154.51545331342797,147.5477847788874,65.0
baseline,582,154.69821714367512,147.71836432727676,65.0
baseline,583,154.88098097390582,147.8889438756507,65.0
baseline,584,155.06374480412188,148.05952342401105,65.0
baseline,585,155.24650863432524,148.2301029723595,65.0
baseline,586,155.42927246451785,148.4006825206979,65.0
baseline,587,155.6120362947017,148.57126206902817,65.0
baseline,588,155.7948001248789,148.74184161735218,65.0
baseline,589,155.97756395505144,148.91242116567187,65.0
baseline,590,156.16032778522128,149.0830007139891,65.0
baseline,591,156.3430916153905,149.2535802623057,65.0
baseline,592,156.5258554455609,149.4241598106234,65.0
baseline,593,156.7086192757343,149.59473935894383,65.0
baseline,594,156.83046182918565,149.70845905782647,65.0
baseline,595,157.01322565936746,149.8790386061548,65.0
baseline,596,157.1959894895559,150.04961815448934,65.0
baseline,597,157.37875331975175,150.22019770283077,65.0
baseline,598,157.56151714995562,150.3907772511798,65.0
baseline,599,157.7442809801681,150.5613567995367,65.0
baseline,600,157.92704481038948,150.73193634790198,65.0
baseline,601,158.1098086406199,150.90251589627573,65.0
baseline,602,158.29257247085954,151.07309544465804,65.0
baseline,603,158.4753363011083,151.24367499304887,65.0
baseline,604,158.65810013136596,151.414254541448,65.0
baseline,605,158.84086396163235,151.5848340898553,65.0
baseline,606,159.02362779190705,151.75541363827034,65.0
baseline,607,159.20639162218964,151.92599318669275,65.0
baseline,608,159.38915545247966,152.09657273512207,65.0
baseline,609,159.5719192827764,152.2671522835577,65.0
baseline,610,159.75468311307935,152.43773183199912,65.0
baseline,611,159.93744694338773,152.60831138044563,65.0
baseline,612,160.1202107737009,152.77889092889657,65.0
baseline,613,160.30297460401815,152.94947047735133,65.0
baseline,614,160.48573843433866,153.12005002580906,65.0
baseline,615,160.66850226466164,153.29062957426925,65.0
baseline,616,160.8512660949864,153.46120912273096,65.0
baseline,617,161.03402992531213,153.63178867119368,65.0
baseline,618,161.21679375563812,153.8023682196566,65.0
baseline,619,161.3995575859637,153.97294776811913,65.0
baseline,620,161.58232141628812,154.14352731658053,65.0
baseline,621,161.70416396983683,154.257247015554,65.0
baseline,622,161.8869278001581,154.4278265640125,65.0
baseline,623,162.06969163047688,154.5984061124687,65.0
baseline,624,162.2524554607929,154.7689856609223,65.0
baseline,625,162.43521929110588,154.93956520937303,65.0
baseline,626,162.61798312141565,155.11014475782082,65.0
baseline,627,162.8007469517221,155.28072430626548,65.0
baseline,628,162.98351078202512,155.451303854707,65.0
baseline,629,163.16627461232468,155.62188340314526,65.0
baseline,630,163.3490384426209,155.79246295158035,65.0
baseline,631,163.5318022729137,155.96304250001236,65.0
baseline,632,163.71456610320325,156.13362204844125,65.0
baseline,633,163.8973299334897,156.30420159686722,65.0
baseline,634,164.08009376377316,156.47478114529048,65.0
baseline,635,164.2628575940539,156.64536069371113,65.0
baseline,636,164.44562142433202,156.8159402421294,65.0
baseline,637,164.62838525460793,156.98651979054554,65.0
baseline,638,164.81114908488172,157.15709933895974,65.0
baseline,639,164.99391291515374,157.3276788873723,65.0
baseline,640,165.1766767454242,157.49825843578338,65.0
baseline,641,165.3594405756935,157.66883798419337,65.0
baseline,642,165.54220440596183,157.83941753260245,65.0
baseline,643,165.7249682362295,158.00999708101094,65.0
baseline,644,165.9077320664968,158.18057662941908,65.0
baseline,645,166.09049589676397,158.35115617782716,65.0
baseline,646,166.2732597270314,158.52173572623536,65.0
baseline,647,166.45602355729915,158.692315274644,65.0
baseline,648,166.57786611081136,158.80603497358334,65.0
baseline,649,166.76062994108034,158.97661452199304,65.0
baseline,650,166.94339377135023,159.14719407040363,65.0
baseline,651,167.12615760162117,159.31777361881515,65.0
baseline,652,167.30892143189328,159.48835316722776,65.0
baseline,653,167.49168526216656,159.6589327156415,65.0
baseline,654,167.6744490924411,159.82951226405643,65.0
baseline,655,167.85721292271697,160.0000918124725,65.0
baseline,656,168.03997675299408,160.17067136088977,65.0
baseline,657,168.2227405832724,160.34125090930826,65.0
baseline,658,168.40550441355208,160.51183045772794,65.0
baseline,659,168.5882682438329,160.68241000614873,65.0
baseline,660,168.77103207411497,160.85298955457063,65.0
baseline,661,168.9537959043981,161.02356910299352,65.0
baseline,662,169.13655973468227,161.19414865141746,65.0
baseline,663,169.31932356496742,161.36472819984226,65.0
baseline,664,169.50208739525343,161.53530774826783,65.0
baseline,665,169.68485122554026,161.70588729669416,65.0
baseline,666,169.86761505582766,161.87646684512112,65.0
baseline,667,170.0503788861157,162.04704639354858,65.0
baseline,668,170.23314271640416,162.21762594197648,65.0
baseline,669,170.415906546693,162.3882054904047,65.0
baseline,670,170.59867037698206,162.55878503883318,65.0
baseline,671,170.78143420727125,162.72936458726173,65.0
baseline,672,170.96419803756055,162.89994413569036,65.0
baseline,673,171.1469618678497,163.07052368411894,65.0
baseline,674,171.32972569813873,163.24110323254737,65.0
baseline,675,171.45156825166467,163.35482293149954,65.0
baseline,676,171.63433208195326,163.52540247992755,65.0
baseline,677,171.81709591224146,163.69598202835525,65.0
baseline,678,171.99985974252934,163.86656157678254,65.0
baseline,679,172.18262357281677,164.03714112520944,65.0
baseline,680,172.3653874031037,164.20772067363595,65.0
baseline,681,172.54815123339023,164.37830022206202,65.0
baseline,682,172.73091506367626,164.54887977048762,65.0
baseline,683,172.9136788939618,164.71945931891278,65.0
baseline,684,173.09644272424683,164.8900388673375,65.0
baseline,685,173.27920655453138,165.06061841576175,65.0
baseline,686,173.46197038481554,165.2311979641856,65.0
baseline,687,173.64473421509925,165.40177751260904,65.0
baseline,688,173.82749804538253,165.5723570610321,65.0
baseline,689,174.0102618756654,165.7429366094548,65.0
baseline,690,174.19302570594792,165.91351615787713,65.0
baseline,691,174.37578953623012,166.08409570629917,65.0
baseline,692,174.55855336651203,166.25467525472095,65.0
baseline,693,174.74131719679366,166.4252548031425,65.0
baseline,694,174.92408102707512,166.5958343515638,65.0
baseline,695,175.10684485735638,166.766413899985,65.0
baseline,696,175.28960868763753,166.93699344840607,65.0
baseline,697,175.47237251791861,167.10757299682706,65.0
baseline,698,175.65513634819956,167.278152545248,65.0
baseline,699,175.83790017848057,167.4487320936689,65.0
baseline,700,176.02066400876157,167.61931164208983,65.0
baseline,701,176.20342783904266,167.78989119051082,65.0
baseline,702,176.32527039256343,167.9036108894582,65.0
baseline,703,176.50803422284466,168.07419043787937,65.0
baseline,704,176.69079805312603,168.2447699863006,65.0
baseline,705,176.87356188340755,168.41534953472203,65.0
baseline,706,177.0563257136892,168.58592908314355,65.0
baseline,707,177.23908954397106,168.7565086315653,65.0
baseline,708,177.42185337425306,168.92708817998712,65.0
baseline,709,177.60461720453526,169.0976677284092,65.0
baseline,710,177.78738103481763,169.26824727683143,65.0
baseline,711,177.9701448651002,169.43882682525378,65.0
baseline,712,178.1529086953829,169.60940637367636,65.0
baseline,713,178.33567252566584,169.77998592209903,65.0
baseline,714,178.51843635594892,169.9505654705219,65.0
baseline,715,178.70120018623211,170.1211450189449,65.0
baseline,716,178.88396401651548,170.29172456736802,65.0
baseline,717,179.06672784679898,170.4623041157913,65.0
baseline,718,179.24949167708263,170.6328836642147,65.0
baseline,719,179.43225550736636,170.80346321263818,65.0
baseline,720,179.6150193376502,170.97404276106172,65.0
baseline,721,179.79778316793409,171.14462230948538,65.0
baseline,722,179.98054699821805,171.3152018579091,65.0
baseline,723,180.1633108285021,171.48578140633282,65.0
baseline,724,180.34607465878614,171.6563609547566,65.0
baseline,725,180.52883848907024,171.8269405031804,65.0
baseline,726,180.71160231935428,171.99752005160423,65.0
baseline,727,180.89436614963836,172.168099600028,65.0
baseline,728,181.07712997992243,172.3386791484518,65.0
baseline,729,181.19897253344513,172.45239884740096,65.0
baseline,730,181.38173636372912,172.62297839582467,65.0
baseline,731,181.56450019401308,172.79355794424833,65.0
baseline,732,181.74726402429692,172.96413749267197,65.0
baseline,733,181.93002785458077,173.1347170410955,65.0
baseline,734,182.11279168486453,173.30529658951906,65.0
baseline,735,182.29555551514827,173.47587613794246,65.0
baseline,736,182.47831934543188,173.64645568636587,65.0
baseline,737,182.6610831757154,173.8170352347892,65.0
baseline,738,182.8438470059989,173.98761478321245,65.0
baseline,739,183.02661083628234,174.1581943316356,65.0
baseline,740,183.2093746665657,174.32877388005878,65.0
baseline,741,183.39213849684901,174.4993534284818,65.0
baseline,742,183.57490232713224,174.66993297690485,65.0
baseline,743,183.75766615741543,174.84051252532785,65.0
baseline,744,183.94042998769856,175.01109207375077,65.0
baseline,745,184.12319381798167,175.18167162217364,65.0
baseline,746,184.30595764826472,175.35225117059645,65.0
baseline,747,184.48872147854772,175.52283071901925,65.0
baseline,748,184.67148530883068,175.69341026744206,65.0
baseline,749,184.85424913911368,175.8639898158648,65.0
baseline,750,185.03701296939659,176.03456936428756,65.0
baseline,751,185.21977679967955,176.20514891271029,65.0
baseline,752,185.40254062996243,176.375728461133,65.0
baseline,753,185.58530446024537,176.5463080095557,65.0
baseline,754,185.7680682905283,176.71688755797845,65.0
baseline,755,185.95083212081124,176.8874671064012,65.0
baseline,756,186.07267467433323,177.00118680534968,65.0
baseline,757,186.25543850461617,177.17176635377243,65.0
baseline,758,186.43820233489916,177.3423459021952,65.0
baseline,759,186.62096616518212,177.51292545061796,65.0
baseline,760,186.80372999546515,177.6835049990408,65.0
baseline,761,186.98649382574823,177.85408454746363,65.0
baseline,762,187.16925765603128,178.0246640958865,65.0
baseline,763,187.35202148631436,178.1952436443094,65.0
baseline,764,187.5347853165975,178.36582319273222,65.0
baseline,765,187.7175491468806,178.53640274115517,65.0
baseline,766,187.90031297716382,178.70698228957815,65.0
baseline,767,188.083076807447,178.87756183800113,65.0
baseline,768,188.2658406377302,179.0481413864241,65.0
baseline,769,188.44860446801346,179.2187209348471,65.0
baseline,770,188.6313682982967,179.38930048327015,65.0
baseline,771,188.81413212857996,179.55988003169318,65.0
baseline,772,188.9968959588633,179.73045958011627,65.0
baseline,773,189.17965978914657,179.90103912853937,65.0
baseline,774,189.3624236194299,180.07161867696243,65.0
baseline,775,189.54518744971324,180.24219822538555,65.0
baseline,776,189.72795127999657,180.41277777380867,65.0
baseline,777,189.9107151102799,180.5833573222318,65.0
baseline,778,190.0934789405633,180.7539368706549,65.0
baseline,779,190.27624277084664,180.924516419078,65.0
baseline,780,190.45900660112994,181.09509596750118,65.0
baseline,781,190.6417704314133,181.26567551592427,65.0
baseline,782,190.8245342616967,181.4362550643474,65.0
baseline,783,190.9463768152189,181.54997476329615,65.0
baseline,784,191.12914064550225,181.72055431171927,65.0
baseline,785,191.3119044757856,181.8911338601424,65.0
baseline,786,191.49466830606892,182.06171340856548,65.0
baseline,787,191.67743213635225,182.23229295698857,65.0
baseline,788,191.86019596663553,182.40287250541164,65.0
baseline,789,192.04295979691886,182.57345205383473,65.0
baseline,790,192.22572362720217,182.7440316022578,65.0
baseline,791,192.40848745748542,182.91461115068086,65.0
baseline,792,192.59125128776873,183.0851906991039,65.0
baseline,793,192.77401511805198,183.25577024752695,65.0
baseline,794,192.95677894833523,183.42634979595,65.0
baseline,795,193.13954277861848,183.596929344373,65.0
baseline,796,193.32230660890173,183.767508892796,65.0
baseline,797,193.50507043918492,183.938088441219,65.0
baseline,798,193.68783426946814,184.10866798964202,65.0
baseline,799,193.8705980997514,184.27924753806502,65.0
baseline,800,194.0533619300346,184.449827086488,65.0
baseline,801,194.23612576031783,184.620406634911,65.0
baseline,802,194.418889590601,184.79098618333398,65.0
baseline,803,194.60165342088422,184.96156573175696,65.0
baseline,804,194.78441725116738,185.13214528017994,65.0
baseline,805,194.96718108145055,185.3027248286029,65.0
baseline,806,195.14994491173383,185.4733043770259,65.0
baseline,807,195.332708742017,185.64388392544885,65.0
baseline,808,195.5154725723002,185.81446347387183,65.0
baseline,809,195.69823640258335,185.9850430222948,65.0
baseline,810,195.8200789561055,186.09876272124345,65.0
baseline,811,196.0028427863887,186.26934226966642,65.0
baseline,812,196.1856066166719,186.4399218180894,65.0
baseline,813,196.36837044695508,186.61050136651238,65.0
baseline,814,196.55113427723833,186.7810809149354,65.0
baseline,815,196.73389810752153,186.95166046335837,65.0
baseline,816,196.91666193780475,187.12224001178134,65.0
baseline,817,197.09942576808797,187.29281956020438,65.0
baseline,818,197.28218959837116,187.46339910862736,65.0
baseline,819,197.46495342865438,187.63397865705036,65.0
baseline,820,197.64771725893766,187.80455820547337,65.0
baseline,821,197.83048108922085,187.97513775389638,65.0
baseline,822,198.0132449195041,188.14571730231938,65.0
baseline,823,198.19600874978735,188.3162968507424,65.0
baseline,824,198.3787725800706,188.48687639916542,65.0
baseline,825,198.56153641035382,188.65745594758843,65.0
baseline,826,198.7443002406371,188.82803549601144,65.0
baseline,827,198.92706407092035,188.99861504443444,65.0
baseline,828,199.10982790120357,189.1691945928575,65.0
baseline,829,199.29259173148685,189.33977414128051,65.0
baseline,830,199.47535556177007,189.51035368970352,65.0
baseline,831,199.65811939205335,189.68093323812658,65.0
baseline,832,199.84088322233657,189.8515127865496,65.0
baseline,833,200.02364705261982,190.02209233497263,65.0
baseline,834,200.2064108829031,190.1926718833957,65.0
baseline,835,200.38917471318635,190.36325143181872,65.0
baseline,836,200.5719385434696,190.53383098024173,65.0
baseline,837,200.69378109699178,190.64755067919037,65.0
baseline,838,200.87654492727503,190.8181302276134,65.0
baseline,839,201.05930875755828,190.98870977603644,65.0
baseline,840,201.24207258784153,191.15928932445945,65.0
baseline,841,201.4248364181248,191.32986887288249,65.0
baseline,842,201.60760024840806,191.50044842130552,65.0
baseline,843,201.79036407869128,191.67102796972856,65.0
baseline,844,201.97312790897453,191.84160751815156,65.0
baseline,845,202.15589173925778,192.01218706657454,65.0
baseline,846,202.338655569541,192.18276661499758,65.0
baseline,847,202.52141939982423,192.3533461634206,65.0
baseline,848,202.70418323010753,192.52392571184365,65.0
baseline,849,202.88694706039078,192.69450526026665,65.0
baseline,850,203.06971089067397,192.86508480868966,65.0
baseline,851,203.25247472095722,193.03566435711267,65.0
baseline,852,203.43523855124047,193.2062439055357,65.0
baseline,853,203.6180023815237,193.37682345395874,65.0
baseline,854,203.80076621180694,193.54740300238169,65.0
baseline,855,203.98353004209017,193.71798255080472,65.0
baseline,856,204.1662938723734,193.88856209922773,65.0
baseline,857,204.34905770265664,194.05914164765076,65.0
baseline,858,204.53182153293983,194.2297211960737,65.0
baseline,859,204.7145853632231,194.40030074449675,65.0
baseline,860,204.8973491935063,194.57088029291975,65.0
baseline,861,205.08011302378958,194.74145984134276,65.0
baseline,862,205.26287685407277,194.9120393897658,65.0
baseline,863,205.44564068435605,195.0826189381888,65.0
baseline,864,205.56748323787818,195.19633863713747,65.0
baseline,865,205.7502470681614,195.36691818556048,65.0
baseline,866,205.93301089844465,195.53749773398349,65.0
baseline,867,206.11577472872787,195.7080772824065,65.0
baseline,868,206.29853855901112,195.8786568308295,65.0
baseline,869,206.48130238929434,196.0492363792525,65.0
baseline,870,206.66406621957756,196.2198159276755,65.0
baseline,871,206.8468300498608,196.39039547609852,65.0
baseline,872,207.02959388014403,196.56097502452155,65.0
baseline,873,207.21235771042728,196.73155457294456,65.0
baseline,874,207.39512154071056,196.9021341213676,65.0
baseline,875,207.57788537099378,197.0727136697906,65.0
baseline,876,207.76064920127703,197.2432932182136,65.0
baseline,877,207.94341303156023,197.41387276663664,65.0
baseline,878,208.1261768618435,197.58445231505965,65.0
baseline,879,208.30894069212673,197.75503186348263,65.0
baseline,880,208.49170452240998,197.92561141190566,65.0
baseline,881,208.67446835269322,198.09619096032867,65.0
baseline,882,208.85723218297645,198.26677050875168,65.0
baseline,883,209.03999601325972,198.43735005717468,65.0
baseline,884,209.22275984354292,198.6079296055977,65.0
baseline,885,209.4055236738262,198.77850915402075,65.0
baseline,886,209.58828750410945,198.94908870244376,65.0
baseline,887,209.77105133439267,199.1196682508668,65.0
baseline,888,209.95381516467594,199.29024779928983,65.0
baseline,889,210.13657899495914,199.4608273477128,65.0
baseline,890,210.31934282524244,199.6314068961358,65.0
baseline,891,210.44118537876457,199.7451265950845,65.0
baseline,892,210.62394920904782,199.91570614350752,65.0
baseline,893,210.80671303933104,200.08628569193056,65.0
baseline,894,210.9894768696143,200.25686524035356,65.0
baseline,895,211.17224069989754,200.42744478877657,65.0
baseline,896,211.3550045301808,200.5980243371996,65.0
baseline,897,211.537768360464,200.7686038856226,65.0
baseline,898,211.72053219074726,200.93918343404562,65.0
baseline,899,211.9032960210305,201.10976298246865,65.0
baseline,900,212.08605985131376,201.28034253089166,65.0
baseline,901,212.26882368159698,201.45092207931467,65.0
baseline,902,212.45158751188023,201.6215016277377,65.0
baseline,903,212.63435134216348,201.7920811761607,65.0
baseline,904,212.8171151724467,201.9626607245837,65.0
baseline,905,212.99987900272993,202.13324027300675,65.0
baseline,906,213.18264283301318,202.30381982142976,65.0
baseline,907,213.36540666329643,202.47439936985276,65.0
baseline,908,213.54817049357968,202.6449789182758,65.0
baseline,909,213.73093432386293,202.81555846669877,65.0
baseline,910,213.91369815414618,202.98613801512175,65.0
baseline,911,214.09646198442942,203.1567175635448,65.0
baseline,912,214.27922581471265,203.32729711196782,65.0
baseline,913,214.46198964499587,203.49787666039083,65.0
baseline,914,214.6447534752791,203.66845620881386,65.0
baseline,915,214.82751730556234,203.83903575723687,65.0
baseline,916,215.0102811358456,204.00961530565988,65.0
baseline,917,215.19304496612884,204.1801948540829,65.0
baseline,918,215.314887519651,204.2939145530316,65.0
baseline,919,215.49765134993424,204.46449410145462,65.0
baseline,920,215.68041518021747,204.63507364987763,65.0
baseline,921,215.86317901050072,204.80565319830066,65.0
baseline,922,216.04594284078397,204.97623274672367,65.0
baseline,923,216.2287066710672,205.14681229514667,65.0
baseline,924,216.41147050135044,205.31739184356968,65.0
baseline,925,216.5942343316337,205.48797139199272,65.0
baseline,926,216.7769981619169,205.65855094041572,65.0
baseline,927,216.95976199220016,205.82913048883873,65.0
baseline,928,217.1425258224834,205.99971003726174,65.0
baseline,929,217.32528965276663,206.17028958568477,65.0
baseline,930,217.50805348304988,206.34086913410778,65.0
baseline,931,217.69081731333313,206.51144868253078,65.0
baseline,932,217.87358114361635,206.6820282309538,65.0
baseline,933,218.0563449738996,206.85260777937683,65.0
baseline,934,218.23910880418285,207.02318732779983,65.0
baseline,935,218.42187263446607,207.19376687622284,65.0
baseline,936,218.60463646474932,207.36434642464584,65.0
baseline,937,218.78740029503257,207.53492597306885,65.0
baseline,938,218.9701641253158,207.7055055214919,65.0
baseline,939,219.15292795559904,207.8760850699149,65.0
baseline,940,219.33569178588226,208.0466646183379,65.0
baseline,941,219.5184556161655,208.2172441667609,65.0
baseline,942,219.70121944644876,208.38782371518394,65.0
baseline,943,219.88398327673195,208.55840326360695,65.0
baseline,944,220.06674710701523,208.72898281202995,65.0
baseline,945,220.1885896605374,208.84270251097863,65.0
baseline,946,220.37135349082064,209.01328205940163,65.0
baseline,947,220.55411732110386,209.18386160782464,65.0
baseline,948,220.7368811513871,209.35444115624767,65.0
baseline,949,220.91964498167036,209.52502070467068,65.0
baseline,950,221.10240881195358,209.6956002530937,65.0
baseline,951,221.28517264223683,209.8661798015167,65.0
baseline,952,221.46793647252008,210.03675934993973,65.0
baseline,953,221.6507003028033,210.20733889836274,65.0
baseline,954,221.83346413308655,210.37791844678574,65.0
baseline,955,222.0162279633698,210.54849799520875,65.0
baseline,956,222.19899179365302,210.71907754363176,65.0
baseline,957,222.38175562393627,210.8896570920548,65.0
baseline,958,222.5645194542195,211.0602366404778,65.0
baseline,959,222.74728328450274,211.2308161889008,65.0
baseline,960,222.930047114786,211.4013957373238,65.0
baseline,961,223.1128109450692,211.57197528574684,65.0
baseline,962,223.29557477535246,211.74255483416985,65.0
baseline,963,223.4783386056357,211.91313438259286,65.0
baseline,964,223.66110243591893,212.08371393101586,65.0
baseline,965,223.84386626620218,212.2542934794389,65.0
baseline,966,224.02663009648543,212.4248730278619,65.0
baseline,967,224.20939392676866,212.5954525762849,65.0
baseline,968,224.3921577570519,212.76603212470792,65.0
baseline,969,224.57492158733515,212.93661167313093,65.0
baseline,970,224.75768541761838,213.10719122155396,65.0
baseline,971,224.94044924790163,213.27777076997694,65.0
baseline,972,225.06229180142378,213.3914904689256,65.0
baseline,973,225.24505563170703,213.56207001734862,65.0
baseline,974,225.42781946199025,213.73264956577162,65.0
baseline,975,225.6105832922735,213.90322911419466,65.0
baseline,976,225.79334712255675,214.07380866261767,65.0
baseline,977,225.97611095283997,214.24438821104067,65.0
baseline,978,226.15887478312322,214.41496775946368,65.0
baseline,979,226.34163861340647,214.5855473078867,65.0
baseline,980,226.5244024436897,214.75612685630972,65.0
baseline,981,226.70716627397294,214.92670640473273,65.0
baseline,982,226.8899301042562,215.09728595315573,65.0
baseline,983,227.07269393453942,215.26786550157877,65.0
baseline,984,227.25545776482267,215.43844505000177,65.0
baseline,985,227.43822159510592,215.60902459842478,65.0
baseline,986,227.62098542538914,215.7796041468478,65.0
baseline,987,227.8037492556724,215.95018369527082,65.0
baseline,988,227.98651308595564,216.12076324369383,65.0
baseline,989,228.16927691623886,216.29134279211684,65.0
baseline,990,228.3520407465221,216.46192234053984,65.0
baseline,991,228.53480457680533,216.63250188896285,65.0
baseline,992,228.71756840708858,216.80308143738588,65.0
baseline,993,228.90033223737183,216.9736609858089,65.0
baseline,994,229.08309606765505,217.1442405342319,65.0
baseline,995,229.2658598979383,217.3148200826549,65.0
baseline,996,229.44862372822155,217.48539963107794,65.0
baseline,997,229.63138755850477,217.65597917950097,65.0
baseline,998,229.81415138878802,217.82655872792395,65.0
baseline,999,229.93599394231018,217.94027842687262,65.0
baseline,1000,230.11875777259343,218.11085797529563,65.0
baseline,1001,230.30152160287665,218.28143752371864,65.0
baseline,1002,230.4842854331599,218.45201707214167,65.0
baseline,1003,230.66704926344315,218.62259662056468,65.0
baseline,1004,230.84981309372637,218.79317616898769,65.0
baseline,1005,231.03257692400962,218.9637557174107,65.0
baseline,1006,231.21534075429287,219.13433526583373,65.0
baseline,1007,231.3981045845761,219.30491481425673,65.0
baseline,1008,231.58086841485934,219.47549436267974,65.0
baseline,1009,231.7636322451426,219.64607391110275,65.0
baseline,1010,231.9463960754258,219.81665345952575,65.0
baseline,1011,232.12915990570906,219.9872330079488,65.0
baseline,1012,232.3119237359923,220.1578125563718,65.0
baseline,1013,232.49468756627553,220.3283921047948,65.0
baseline,1014,232.67745139655878,220.4989716532178,65.0
baseline,1015,232.860215226842,220.66955120164084,65.0
baseline,1016,233.04297905712525,220.84013075006385,65.0
baseline,1017,233.2257428874085,221.01071029848686,65.0
baseline,1018,233.40850671769172,221.18128984690986,65.0
baseline,1019,233.59127054797497,221.35186939533287,65.0
baseline,1020,233.77403437825822,221.5224489437559,65.0
baseline,1021,233.95679820854144,221.6930284921789,65.0
baseline,1022,234.1395620388247,221.86360804060192,65.0
baseline,1023,234.32232586910794,222.03418758902492,65.0
baseline,1024,234.50508969939116,222.20476713744796,65.0
baseline,1025,234.68785352967444,222.37534668587097,65.0
baseline,1026,234.80969608319657,222.48906638481964,65.0
baseline,1027,234.99245991347982,222.65964593324264,65.0
baseline,1028,235.17522374376304,222.83022548166565,65.0
baseline,1029,235.3579875740463,223.00080503008869,65.0
baseline,1030,235.54075140432954,223.1713845785117,65.0
baseline,1031,235.72351523461276,223.3419641269347,65.0
baseline,1032,235.906279064896,223.5125436753577,65.0
baseline,1033,236.08904289517926,223.68312322378074,65.0
baseline,1034,236.27180672546248,223.85370277220375,65.0
baseline,1035,236.45457055574573,224.02428232062675,65.0
baseline,1036,236.63733438602895,224.19486186904976,65.0
baseline,1037,236.8200982163122,224.3654414174728,65.0
baseline,1038,237.00286204659545,224.5360209658958,65.0
baseline,1039,237.18562587687867,224.7066005143188,65.0
baseline,1040,237.36838970716192,224.87718006274181,65.0
baseline,1041,237.55115353744517,225.04775961116485,65.0
baseline,1042,237.7339173677284,225.21833915958786,65.0
baseline,1043,237.91668119801164,225.38891870801086,65.0
baseline,1044,238.0994450282949,225.55949825643387,65.0
baseline,1045,238.2822088585781,225.73007780485693,65.0
baseline,1046,238.46497268886134,225.90065735327994,65.0
baseline,1047,238.64773651914462,226.07123690170295,65.0
baseline,1048,238.83050034942784,226.24181645012592,65.0
baseline,1049,239.0132641797111,226.41239599854896,65.0
baseline,1050,239.19602800999434,226.58297554697197,65.0
baseline,1051,239.37879184027756,226.75355509539497,65.0
baseline,1052,239.56155567056078,226.92413464381798,65.0
baseline,1053,239.68339822408294,227.03785434276665,65.0
baseline,1054,239.86616205436619,227.20843389118966,65.0
baseline,1055,240.0489258846494,227.37901343961266,65.0
baseline,1056,240.23168971493266,227.5495929880357,65.0
baseline,1057,240.4144535452159,227.7201725364587,65.0
baseline,1058,240.59721737549913,227.8907520848817,65.0
baseline,1059,240.77998120578238,228.06133163330475,65.0
baseline,1060,240.9627450360656,228.23191118172775,65.0
baseline,1061,241.14550886634885,228.40249073015076,65.0
baseline,1062,241.3282726966321,228.57307027857377,65.0
baseline,1063,241.51103652691532,228.74364982699677,65.0
baseline,1064,241.69380035719857,228.9142293754198,65.0
baseline,1065,241.87656418748182,229.08480892384281,65.0
baseline,1066,242.05932801776504,229.25538847226582,65.0
baseline,1067,242.2420918480483,229.42596802068886,65.0
baseline,1068,242.42485567833154,229.59654756911186,65.0
baseline,1069,242.60761950861476,229.76712711753487,65.0
baseline,1070,242.790383338898,229.93770666595788,65.0
baseline,1071,242.97314716918123,230.10828621438088,65.0
baseline,1072,243.15591099946448,230.27886576280395,65.0
baseline,1073,243.3386748297477,230.44944531122695,65.0
baseline,1074,243.52143866003092,230.62002485964996,65.0
baseline,1075,243.7042024903142,230.79060440807297,65.0
baseline,1076,243.88696632059745,230.96118395649597,65.0
baseline,1077,244.06973015088067,231.13176350491898,65.0
baseline,1078,244.25249398116392,231.30234305334199,65.0
baseline,1079,244.43525781144714,231.472922601765,65.0
baseline,1080,244.55710036496933,231.5866423007137,65.0
baseline,1081,244.73986419525258,231.7572218491367,65.0
baseline,1082,244.9226280255358,231.92780139755973,65.0
baseline,1083,245.10539185581905,232.09838094598274,65.0
baseline,1084,245.28815568610227,232.26896049440575,65.0
baseline,1085,245.47091951638552,232.43954004282875,65.0
baseline,1086,245.65368334666877,232.6101195912518,65.0
baseline,1087,245.836447176952,232.7806991396748,65.0
baseline,1088,246.01921100723524,232.9512786880978,65.0
baseline,1089,246.2019748375185,233.1218582365208,65.0
baseline,1090,246.3847386678017,233.29243778494384,65.0
baseline,1091,246.56750249808496,233.46301733336685,65.0
baseline,1092,246.75026632836818,233.63359688178986,65.0
baseline,1093,246.93303015865143,233.8041764302129,65.0
baseline,1094,247.11579398893468,233.97475597863593,65.0
baseline,1095,247.2985578192179,234.14533552705893,65.0
baseline,1096,247.48132164950115,234.3159150754819,65.0
baseline,1097,247.6640854797844,234.48649462390492,65.0
baseline,1098,247.8468493100676,234.65707417232795,65.0
baseline,1099,248.02961314035085,234.827653720751,65.0
baseline,1100,248.2123769706341,234.998233269174,65.0
baseline,1101,248.39514080091735,235.16881281759697,65.0
baseline,1102,248.5779046312006,235.33939236602004,65.0
baseline,1103,248.76066846148382,235.50997191444307,65.0
baseline,1104,248.94343229176707,235.68055146286605,65.0
baseline,1105,249.1261961220503,235.8511310112891,65.0
baseline,1106,249.30895995233354,236.0217105597121,65.0
baseline,1107,249.4308025058557,236.1354302586608,65.0
baseline,1108,249.61356633613894,236.3060098070838,65.0
baseline,1109,249.79633016642217,236.47658935550683,65.0
baseline,1110,249.97909399670542,236.64716890392984,65.0
baseline,1111,250.16185782698864,236.81774845235284,65.0
baseline,1112,250.3446216572719,236.98832800077588,65.0
baseline,1113,250.52738548755514,237.1589075491989,65.0
baseline,1114,250.71014931783836,237.3294870976219,65.0
baseline,1115,250.8929131481216,237.50006664604493,65.0
baseline,1116,251.07567697840483,237.67064619446793,65.0
baseline,1117,251.25844080868808,237.84122574289094,65.0
baseline,1118,251.44120463897133,238.01180529131395,65.0
baseline,1119,251.62396846925455,238.18238483973698,65.0
baseline,1120,251.8067322995378,238.35296438816,65.0
baseline,1121,251.98949612982102,238.523543936583,65.0
baseline,1122,252.17225996010424,238.69412348500603,65.0
baseline,1123,252.3550237903875,238.86470303342904,65.0
baseline,1124,252.5377876206707,239.03528258185202,65.0
baseline,1125,252.72055145095396,239.20586213027505,65.0
baseline,1126,252.90331528123724,239.37644167869806,65.0
baseline,1127,253.08607911152046,239.54702122712106,65.0
baseline,1128,253.2688429418037,239.7176007755441,65.0
baseline,1129,253.4516067720869,239.8881803239671,65.0
baseline,1130,253.63437060237015,240.0587598723901,65.0
baseline,1131,253.81713443265343,240.22933942081315,65.0
baseline,1132,253.99989826293665,240.39991896923615,65.0
baseline,1133,254.18266209321985,240.57049851765916,65.0
baseline,1134,254.304504646742,240.68421821660783,65.0
baseline,1135,254.48726847702525,240.85479776503084,65.0
baseline,1136,254.67003230730847,241.02537731345387,65.0
baseline,1137,254.85279613759172,241.19595686187688,65.0
baseline,1138,255.03555996787495,241.3665364102999,65.0
baseline,1139,255.2183237981582,241.5371159587229,65.0
baseline,1140,255.40108762844142,241.70769550714593,65.0
baseline,1141,255.58385145872467,241.87827505556893,65.0
baseline,1142,255.76661528900792,242.04885460399194,65.0
baseline,1143,255.94937911929114,242.21943415241498,65.0
baseline,1144,256.13214294957436,242.39001370083798,65.0
baseline,1145,256.3149067798576,242.560593249261,65.0
baseline,1146,256.49767061014086,242.731172797684,65.0
baseline,1147,256.6804344404241,242.90175234610703,65.0
baseline,1148,256.8631982707073,243.07233189453004,65.0
baseline,1149,257.04596210099055,243.24291144295304,65.0
baseline,1150,257.2287259312738,243.41349099137608,65.0
baseline,1151,257.41148976155705,243.5840705397991,65.0
baseline,1152,257.5942535918403,243.7546500882221,65.0
baseline,1153,257.7770174221235,243.92522963664513,65.0
baseline,1154,257.95978125240674,244.09580918506813,65.0
baseline,1155,258.14254508269,244.26638873349114,65.0
baseline,1156,258.32530891297324,244.43696828191415,65.0
baseline,1157,258.5080727432565,244.60754783033718,65.0
baseline,1158,258.6908365735397,244.7781273787602,65.0
baseline,1159,258.87360040382293,244.9487069271832,65.0
baseline,1160,259.0563642341062,245.11928647560617,65.0
baseline,1161,259.17820678762826,245.23300617455493,65.0
baseline,1162,259.3609706179115,245.40358572297794,65.0
baseline,1163,259.54373444819475,245.57416527140097,65.0
baseline,1164,259.72649827847795,245.74474481982398,65.0
baseline,1165,259.9092621087612,245.91532436824698,65.0
baseline,1166,260.09202593904445,246.08590391667002,65.0
baseline,1167,260.2747897693277,246.25648346509303,65.0
baseline,1168,260.45755359961095,246.42706301351603,65.0
baseline,1169,260.64031742989414,246.59764256193907,65.0
baseline,1170,260.8230812601774,246.76822211036207,65.0
baseline,1171,261.00584509046064,246.93880165878508,65.0
baseline,1172,261.1886089207439,247.10938120720812,65.0
baseline,1173,261.37137275102714,247.27996075563112,65.0
baseline,1174,261.55413658131033,247.45054030405413,65.0
baseline,1175,261.7369004115936,247.62111985247716,65.0
baseline,1176,261.91966424187683,247.79169940090017,65.0
baseline,1177,262.1024280721601,247.96227894932318,65.0
baseline,1178,262.28519190244333,248.13285849774618,65.0
baseline,1179,262.4679557327265,248.3034380461692,65.0
baseline,1180,262.6507195630098,248.47401759459223,65.0
baseline,1181,262.833483393293,248.64459714301523,65.0
baseline,1182,263.0162472235763,248.81517669143827,65.0
baseline,1183,263.1990110538595,248.98575623986127,65.0
baseline,1184,263.3817748841427,249.15633578828428,65.0
baseline,1185,263.56453871442596,249.32691533670732,65.0
baseline,1186,263.7473025447092,249.4974948851303,65.0
baseline,1187,263.93006637499246,249.66807443355327,65.0
baseline,1188,264.0519089285146,249.78179413250197,65.0
baseline,1189,264.23467275879784,249.95237368092498,65.0
baseline,1190,264.4174365890811,250.122953229348,65.0
baseline,1191,264.6002004193643,250.29353277777102,65.0
baseline,1192,264.78296424964753,250.46411232619403,65.0
baseline,1193,264.9657280799308,250.63469187461703,65.0
baseline,1194,265.14849191021403,250.80527142304007,65.0
baseline,1195,265.3312557404973,250.97585097146307,65.0
baseline,1196,265.5140195707805,251.14643051988608,65.0
baseline,1197,265.6967834010637,251.31701006830912,65.0
baseline,1198,265.879547231347,251.48758961673212,65.0
baseline,1199,266.0623110616302,251.65816916515513,65.0
baseline,1200,266.2450748919134,251.82874871357814,65.0
baseline,1201,266.42783872219667,251.99932826200117,65.0
baseline,1202,266.6106025524799,252.16990781042418,65.0
baseline,1203,266.79336638276317,252.34048735884716,65.0
baseline,1204,266.9761302130464,252.51106690727016,65.0
baseline,1205,267.1588940433296,252.6816464556932,65.0
baseline,1206,267.34165787361286,252.85222600411623,65.0
baseline,1207,267.5244217038961,253.02280555253924,65.0
baseline,1208,267.70718553417936,253.19338510096227,65.0
baseline,1209,267.8899493644626,253.36396464938525,65.0
baseline,1210,268.0727131947458,253.5345441978083,65.0
baseline,1211,268.25547702502905,253.70512374623132,65.0
baseline,1212,268.4382408553123,253.87570329465436,65.0
baseline,1213,268.62100468559555,254.0462828430773,65.0
baseline,1214,268.8037685158788,254.2168623915003,65.0
baseline,1215,268.92561106940093,254.330582090449,65.0
baseline,1216,269.1083748996842,254.50116163887202,65.0
baseline,1217,269.29113872996743,254.67174118729505,65.0
baseline,1218,269.4739025602506,254.84232073571806,65.0
baseline,1219,269.65666639053387,255.01290028414107,65.0
baseline,1220,269.8394302208171,255.18347983256407,65.0
baseline,1221,270.02219405110037,255.3540593809871,65.0
baseline,1222,270.2049578813836,255.52463892941012,65.0
baseline,1223,270.3877217116668,255.69521847783312,65.0
baseline,1224,270.57048554195006,255.86579802625613,65.0
baseline,1225,270.7532493722333,256.03637757467914,65.0
baseline,1226,270.93601320251656,256.20695712310214,65.0
baseline,1227,271.1187770327998,256.3775366715252,65.0
baseline,1228,271.301540863083,256.5481162199482,65.0
baseline,1229,271.48430469336625,256.7186957683712,65.0
baseline,1230,271.6670685236495,256.8892753167942,65.0
baseline,1231,271.84983235393275,257.05985486521723,65.0
baseline,1232,272.03259618421595,257.23043441364024,65.0
baseline,1233,272.2153600144992,257.40101396206325,65.0
baseline,1234,272.39812384478245,257.57159351048637,65.0
baseline,1235,272.5808876750657,257.7421730589093,65.0
baseline,1236,272.76365150534895,257.9127526073323,65.0
baseline,1237,272.94641533563214,258.08333215575533,65.0
baseline,1238,273.1291791659154,258.25391170417834,65.0
baseline,1239,273.31194299619864,258.42449125260134,65.0
baseline,1240,273.4947068264819,258.59507080102435,65.0
baseline,1241,273.67747065676514,258.76565034944736,65.0
baseline,1242,273.79931321028727,258.87937004839597,65.0
baseline,1243,273.9820770405705,259.049949596819,65.0
baseline,1244,274.16484087085377,259.220529145242,65.0
baseline,1245,274.34760470113696,259.391108693665,65.0
baseline,1246,274.5303685314202,259.56168824208805,65.0
baseline,1247,274.71313236170346,259.73226779051106,65.0
baseline,1248,274.8958961919867,259.90284733893407,65.0
baseline,1249,275.07866002226996,260.0734268873571,65.0
baseline,1250,275.26142385255315,260.2440064357801,65.0
baseline,1251,275.4441876828364,260.4145859842031,65.0
baseline,1252,275.62695151311965,260.58516553262615,65.0
baseline,1253,275.8097153434029,260.75574508104916,65.0
baseline,1254,275.99247917368615,260.92632462947216,65.0
baseline,1255,276.17524300396934,261.09690417789517,65.0
baseline,1256,276.3580068342526,261.2674837263182,65.0
baseline,1257,276.54077066453584,261.4380632747412,65.0
baseline,1258,276.7235344948191,261.60864282316425,65.0
baseline,1259,276.90629832510234,261.7792223715872,65.0
baseline,1260,277.08906215538553,261.94980192001026,65.0
baseline,1261,277.2718259856688,262.12038146843327,65.0
baseline,1262,277.45458981595203,262.2909610168563,65.0
baseline,1263,277.6373536462353,262.4615405652793,65.0
baseline,1264,277.82011747651853,262.63212011370234,65.0
baseline,1265,278.0028813068018,262.80269966212535,65.0
baseline,1266,278.185645137085,262.97327921054836,65.0
baseline,1267,278.3684089673682,263.1438587589713,65.0
baseline,1268,278.5511727976515,263.31443830739425,65.0
baseline,1269,278.6730153511736,263.4281580063429,65.0
baseline,1270,278.85577918145685,263.59873755476593,65.0
baseline,1271,279.0385430117401,263.76931710318894,65.0
baseline,1272,279.2213068420233,263.93989665161195,65.0
baseline,1273,279.40407067230655,264.11047620003495,65.0
baseline,1274,279.5868345025898,264.281055748458,65.0
baseline,1275,279.76959833287304,264.451635296881,65.0
baseline,1276,279.9523621631563,264.62221484530403,65.0
baseline,1277,280.1351259934395,264.79279439372704,65.0
baseline,1278,280.31788982372274,264.96337394215004,65.0
baseline,1279,280.500653654006,265.13395349057305,65.0
baseline,1280,280.68341748428924,265.30453303899606,65.0
baseline,1281,280.8661813145725,265.47511258741906,65.0
baseline,1282,281.0489451448557,265.6456921358421,65.0
baseline,1283,281.231708975139,265.81627168426513,65.0
baseline,1284,281.41447280542224,265.98685123268814,65.0
baseline,1285,281.5972366357055,266.15743078111115,65.0
baseline,1286,281.7800004659887,266.3280103295341,65.0
baseline,1287,281.96276429627187,266.4985898779571,65.0
baseline,1288,282.1455281265551,266.6691694263801,65.0
baseline,1289,282.3282919568384,266.83974897480323,65.0
baseline,1290,282.5110557871217,267.01032852322624,65.0
baseline,1291,282.69381961740487,267.1809080716493,65.0
baseline,1292,282.8765834476881,267.3514876200723,65.0
baseline,1293,283.0593472779714,267.52206716849525,65.0
baseline,1294,283.2421111082546,267.69264671691826,65.0
baseline,1295,283.4248749385379,267.8632262653413,65.0
baseline,1296,283.54671749206,267.97694596429,65.0
baseline,1297,283.72948132234325,268.147525512713,65.0
baseline,1298,283.9122451526265,268.318105061136,65.0
baseline,1299,284.09500898290975,268.488684609559,65.0
baseline,1300,284.27777281319294,268.659264157982,65.0
baseline,1301,284.4605366434762,268.8298437064051,65.0
baseline,1302,284.64330047375944,269.0004232548281,65.0
baseline,1303,284.8260643040427,269.1710028032511,65.0
baseline,1304,285.00882813432594,269.3415823516741,65.0
baseline,1305,285.1915919646092,269.5121619000971,65.0
baseline,1306,285.37435579489244,269.6827414485201,65.0
baseline,1307,285.55711962517563,269.8533209969431,65.0
baseline,1308,285.7398834554589,270.02390054536613,65.0
baseline,1309,285.92264728574213,270.19448009378914,65.0
baseline,1310,286.1054111160254,270.36505964221215,65.0
baseline,1311,286.28817494630863,270.53563919063515,65.0
baseline,1312,286.4709387765919,270.70621873905816,65.0
baseline,1313,286.65370260687513,270.8767982874812,65.0
baseline,1314,286.8364664371584,271.04737783590423,65.0
baseline,1315,287.0192302674416,271.21795738432724,65.0
baseline,1316,287.2019940977248,271.3885369327502,65.0
baseline,1317,287.384757928008,271.5591164811732,65.0
baseline,1318,287.56752175829126,271.7296960295963,65.0
baseline,1319,287.7502855885745,271.9002755780193,65.0
baseline,1320,287.93304941885776,272.0708551264422,65.0
baseline,1321,288.115813249141,272.2414346748653,65.0
baseline,1322,288.29857707942426,272.4120142232883,65.0
baseline,1323,288.4204196329464,272.5257339222369,65.0
baseline,1324,288.60318346322964,272.6963134706599,65.0
baseline,1325,288.7859472935129,272.8668930190829,65.0
baseline,1326,288.96871112379614,273.0374725675059,65.0
baseline,1327,289.15147495407933,273.2080521159289,65.0
baseline,1328,289.3342387843626,273.37863166435193,65.0
baseline,1329,289.51700261464583,273.54921121277494,65.0
baseline,1330,289.6997664449291,273.71979076119794,65.0
baseline,1331,289.88253027521233,273.890370309621,65.0
baseline,1332,290.0652941054956,274.060949858044,65.0
baseline,1333,290.24805793577883,274.231529406467,65.0
baseline,1334,290.430821766062,274.40210895489,65.0
baseline,1335,290.6135855963453,274.57268850331303,65.0
baseline,1336,290.7963494266285,274.74326805173604,65.0
baseline,1337,290.9791132569118,274.91384760015904,65.0
baseline,1338,291.161877087195,275.08442714858205,65.0
baseline,1339,291.3446409174783,275.255006697005,65.0
baseline,1340,291.52740474776147,275.425586245428,65.0
baseline,1341,291.7101685780447,275.596165793851,65.0
baseline,1342,291.89293240832797,275.7667453422741,65.0
baseline,1343,292.0756962386112,275.9373248906971,65.0
baseline,1344,292.2584600688945,276.10790443912015,65.0
baseline,1345,292.44122389917777,276.27848398754315,65.0
baseline,1346,292.623987729461,276.44906353596616,65.0
baseline,1347,292.8067515597442,276.61964308438917,65.0
baseline,1348,292.9895153900274,276.79022263281223,65.0
baseline,1349,293.17227922031066,276.96080218123524,65.0
baseline,1350,293.29412177383284,277.0745218801839,65.0
baseline,1351,293.4768856041161,277.2451014286069,65.0
baseline,1352,293.65964943439934,277.4156809770299,65.0
baseline,1353,293.8424132646826,277.58626052545293,65.0
baseline,1354,294.0251770949658,277.75684007387594,65.0
baseline,1355,294.20794092524903,277.92741962229894,65.0
baseline,1356,294.3907047555323,278.09799917072195,65.0
baseline,1357,294.57346858581553,278.26857871914495,65.0
baseline,1358,294.7562324160988,278.43915826756796,65.0
baseline,1359,294.93899624638203,278.609737815991,65.0
baseline,1360,295.1217600766653,278.78031736441403,65.0
baseline,1361,295.30452390694853,278.95089691283704,65.0
baseline,1362,295.4872877372317,279.12147646126004,65.0
baseline,1363,295.670051567515,279.29205600968305,65.0
baseline,1364,295.8528153977982,279.46263555810606,65.0
baseline,1365,296.0355792280815,279.63321510652906,65.0
baseline,1366,296.2183430583647,279.80379465495207,65.0
baseline,1367,296.401106888648,279.9743742033751,65.0
baseline,1368,296.5838707189312,280.14495375179814,65.0
baseline,1369,296.7666345492144,280.3155333002211,65.0
baseline,1370,296.94939837949767,280.4861128486441,65.0
baseline,1371,297.1321622097809,280.6566923970671,65.0
baseline,1372,297.31492604006417,280.8272719454901,65.0
baseline,1373,297.4976898703474,280.9978514939131,65.0
baseline,1374,297.68045370063066,281.1684310423361,65.0
baseline,1375,297.8632175309139,281.3390105907591,65.0
baseline,1376,298.04598136119716,281.5095901391822,65.0
baseline,1377,298.1678239147193,281.6233098381309,65.0
baseline,1378,298.35058774500254,281.79388938655393,65.0
baseline,1379,298.5333515752858,281.96446893497694,65.0
baseline,1380,298.71611540556904,282.13504848339994,65.0
baseline,1381,298.89887923585223,282.30562803182295,65.0
baseline,1382,299.0816430661355,282.47620758024595,65.0
baseline,1383,299.26440689641873,282.646787128669,65.0
baseline,1384,299.447170726702,282.817366677092,65.0
baseline,1385,299.62993455698523,282.98794622551503,65.0
baseline,1386,299.8126983872685,283.15852577393804,65.0
baseline,1387,299.99546221755173,283.32910532236104,65.0
baseline,1388,300.178226047835,283.49968487078405,65.0
baseline,1389,300.3609898781182,283.67026441920706,65.0
baseline,1390,300.5437537084014,283.84084396763006,65.0
baseline,1391,300.7265175386847,284.01142351605307,65.0
baseline,1392,300.9092813689679,284.1820030644761,65.0
baseline,1393,301.0920451992512,284.35258261289914,65.0
baseline,1394,301.2748090295344,284.52316216132215,65.0
baseline,1395,301.4575728598177,284.69374170974515,65.0
baseline,1396,301.6403366901008,284.86432125816816,65.0
baseline,1397,301.82310052038406,285.03490080659117,65.0
baseline,1398,302.00586435066737,285.2054803550142,65.0
baseline,1399,302.1886281809506,285.3760599034371,65.0
baseline,1400,302.37139201123387,285.54663945186013,65.0
baseline,1401,302.5541558415171,285.71721900028314,65.0
baseline,1402,302.73691967180036,285.88779854870614,65.0
baseline,1403,302.9196835020836,286.05837809712915,65.0
baseline,1404,303.0415260556057,286.1720977960778,65.0
baseline,1405,303.22428988588894,286.3426773445008,65.0
baseline,1406,303.4070537161722,286.51325689292383,65.0
baseline,1407,303.58981754645544,286.68383644134684,65.0
baseline,1408,303.77258137673863,286.85441598976985,65.0
baseline,1409,303.9553452070219,287.02499553819285,65.0
baseline,1410,304.1381090373051,287.19557508661586,65.0
baseline,1411,304.3208728675884,287.3661546350389,65.0
baseline,1412,304.5036366978716,287.53673418346193,65.0
baseline,1413,304.6864005281549,287.70731373188494,65.0
baseline,1414,304.86916435843807,287.87789328030794,65.0
baseline,1415,305.0519281887213,288.04847282873095,65.0
baseline,1416,305.23469201900457,288.21905237715396,65.0
baseline,1417,305.4174558492878,288.38963192557696,65.0
baseline,1418,305.60021967957107,288.56021147399997,65.0
baseline,1419,305.7829835098543,288.730791022423,65.0
baseline,1420,305.96574734013757,288.901370570846,65.0
baseline,1421,306.14851117042076,289.071950119269,65.0
baseline,1422,306.331275000704,289.24252966769194,65.0
baseline,1423,306.51403883098726,289.41310921611495,65.0
baseline,1424,306.6968026612705,289.583688764538,65.0
baseline,1425,306.87956649155376,289.7542683129611,65.0
baseline,1426,307.062330321837,289.9248478613841,65.0
baseline,1427,307.2450941521202,290.0954274098071,65.0
baseline,1428,307.42785798240345,290.2660069582301,65.0
baseline,1429,307.6106218126867,290.43658650665304,65.0
baseline,1430,307.79338564296995,290.6071660550761,65.0
baseline,1431,307.9152281964921,290.7208857540248,65.0
baseline,1432,308.09799202677533,290.8914653024478,65.0
baseline,1433,308.2807558570586,291.0620448508708,65.0
baseline,1434,308.46351968734183,291.2326243992938,65.0
baseline,1435,308.646283517625,291.4032039477168,65.0
baseline,1436,308.8290473479083,291.5737834961398,65.0
baseline,1437,309.0118111781915,291.7443630445628,65.0
baseline,1438,309.19457500847477,291.9149425929858,65.0
baseline,1439,309.377338838758,292.0855221414089,65.0
baseline,1440,309.56010266904127,292.2561016898319,65.0
baseline,1441,309.7428664993245,292.4266812382549,65.0
baseline,1442,309.9256303296077,292.5972607866779,65.0
baseline,1443,310.10839415989096,292.7678403351009,65.0
baseline,1444,310.2911579901742,292.9384198835239,65.0
baseline,1445,310.47392182045746,293.1089994319469,65.0
baseline,1446,310.6566856507407,293.27957898036993,65.0
baseline,1447,310.83944948102396,293.45015852879294,65.0
baseline,1448,311.02221331130727,293.62073807721595,65.0
baseline,1449,311.2049771415905,293.79131762563895,65.0
baseline,1450,311.38774097187365,293.96189717406196,65.0
baseline,1451,311.5705048021569,294.13247672248497,65.0
baseline,1452,311.75326863244015,294.303056270908,65.0
baseline,1453,311.9360324627234,294.473635819331,65.0
baseline,1454,312.11879629300665,294.644215367754,65.0
baseline,1455,312.30156012328996,294.81479491617705,65.0
baseline,1456,312.48432395357315,294.9853744646001,65.0
baseline,1457,312.66708778385635,295.15595401302306,65.0
baseline,1458,312.7889303373786,295.26967371197173,65.0
baseline,1459,312.97169416766184,295.44025326039474,65.0
baseline,1460,313.1544579979451,295.61083280881775,65.0
baseline,1461,313.33722182822834,295.78141235724075,65.0
baseline,1462,313.5199856585116,295.95199190566376,65.0
baseline,1463,313.7027494887948,296.12257145408677,65.0
baseline,1464,313.88551331907803,296.2931510025098,65.0
baseline,1465,314.0682771493613,296.4637305509328,65.0
baseline,1466,314.25104097964453,296.63431009935584,65.0
baseline,1467,314.4338048099278,296.80488964777885,65.0
baseline,1468,314.616568640211,296.97546919620186,65.0
baseline,1469,314.7993324704943,297.14604874462486,65.0
baseline,1470,314.9820963007775,297.31662829304787,65.0
baseline,1471,315.1648601310608,297.4872078414709,65.0
baseline,1472,315.34762396134397,297.6577873898939,65.0
baseline,1473,315.5303877916272,297.8283669383169,65.0
baseline,1474,315.71315162191047,297.99894648673984,65.0
baseline,1475,315.8959154521937,298.16952603516285,65.0
baseline,1476,316.0786792824769,298.3401055835859,65.0
baseline,1477,316.2614431127602,298.5106851320089,65.0
baseline,1478,316.44420694304347,298.6812646804319,65.0
baseline,1479,316.6269707733267,298.85184422885493,65.0
baseline,1480,316.80973460360997,299.02242377727794,65.0
baseline,1481,316.99249843389316,299.19300332570094,65.0
baseline,1482,317.1752622641764,299.363582874124,65.0
baseline,1483,317.35802609445966,299.53416242254696,65.0
baseline,1484,317.5407899247428,299.70474197096996,65.0
baseline,1485,317.662632478265,299.81846166991863,65.0
baseline,1486,317.84539630854823,299.98904121834164,65.0
baseline,1487,318.0281601388315,300.15962076676465,65.0
baseline,1488,318.21092396911473,300.33020031518765,65.0
baseline,1489,318.3936877993979,300.50077986361066,65.0
baseline,1490,318.5764516296812,300.67135941203367,65.0
baseline,1491,318.7592154599644,300.8419389604567,65.0
baseline,1492,318.9419792902477,301.0125185088797,65.0
baseline,1493,319.1247431205309,301.1830980573027,65.0
baseline,1494,319.3075069508142,301.3536776057257,65.0
baseline,1495,319.4902707810974,301.5242571541487,65.0
baseline,1496,319.6730346113806,301.6948367025717,65.0
baseline,1497,319.85579844166386,301.8654162509947,65.0
baseline,1498,320.0385622719471,302.0359957994177,65.0
baseline,1499,320.22132610223036,302.2065753478407,65.0
baseline,1500,320.4040899325136,302.37715489626373,65.0
baseline,1501,320.58685376279686,302.54773444468674,65.0
baseline,1502,320.76961759308006,302.71831399310975,65.0
baseline,1503,320.9523814233633,302.8888935415328,65.0
baseline,1504,321.13514525364656,303.0594730899558,65.0
baseline,1505,321.3179090839298,303.2300526383788,65.0
baseline,1506,321.50067291421306,303.40063218680183,65.0
baseline,1507,321.68343674449636,303.5712117352249,65.0
baseline,1508,321.86620057477955,303.74179128364784,65.0
baseline,1509,322.04896440506275,303.91237083207085,65.0
baseline,1510,322.231728235346,304.08295038049386,65.0
baseline,1511,322.41449206562925,304.25352992891686,65.0
baseline,1512,322.5363346191515,304.3672496278656,65.0
baseline,1513,322.71909844943474,304.5378291762886,65.0
baseline,1514,322.901862279718,304.7084087247116,65.0
baseline,1515,323.08462611000124,304.8789882731346,65.0
baseline,1516,323.26738994028443,305.0495678215576,65.0
baseline,1517,323.4501537705677,305.2201473699806,65.0
baseline,1518,323.63291760085093,305.39072691840363,65.0
baseline,1519,323.8156814311342,305.56130646682664,65.0
baseline,1520,323.99844526141743,305.73188601524964,65.0
baseline,1521,324.1812090917007,305.90246556367265,65.0
baseline,1522,324.36397292198393,306.0730451120957,65.0
baseline,1523,324.5467367522672,306.2436246605187,65.0
baseline,1524,324.7295005825504,306.4142042089417,65.0
baseline,1525,324.9122644128336,306.58478375736473,65.0
baseline,1526,325.0950282431169,306.75536330578774,65.0
baseline,1527,325.2777920734001,306.92594285421075,65.0
baseline,1528,325.46055590368337,307.09652240263375,65.0
baseline,1529,325.64331973396656,307.2671019510567,65.0
baseline,1530,325.8260835642498,307.4376814994797,65.0
baseline,1531,326.0088473945331,307.6082610479028,65.0
baseline,1532,326.1916112248163,307.7788405963258,65.0
baseline,1533,326.37437505509956,307.9494201447488,65.0
baseline,1534,326.5571388853828,308.1199996931718,65.0
baseline,1535,326.73990271566606,308.2905792415948,65.0
baseline,1536,326.92266654594926,308.46115879001775,65.0
baseline,1537,327.10543037623256,308.6317383384408,65.0
baseline,1538,327.2881942065158,308.8023178868638,65.0
baseline,1539,327.4100367600379,308.91603758581243,65.0
baseline,1540,327.59280059032113,309.08661713423544,65.0
baseline,1541,327.7755644206044,309.25719668265845,65.0
baseline,1542,327.95832825088763,309.42777623108145,65.0
baseline,1543,328.1410920811708,309.59835577950446,65.0
baseline,1544,328.3238559114541,309.76893532792747,65.0
baseline,1545,328.5066197417373,309.9395148763505,65.0
baseline,1546,328.6893835720206,310.1100944247735,65.0
baseline,1547,328.8721474023038,310.2806739731965,65.0
baseline,1548,329.0549112325871,310.4512535216195,65.0
baseline,1549,329.2376750628703,310.6218330700425,65.0
baseline,1550,329.4204388931535,310.7924126184655,65.0
baseline,1551,329.60320272343677,310.9629921668885,65.0
baseline,1552,329.78596655372,311.1335717153115,65.0
baseline,1553,329.96873038400327,311.3041512637345,65.0
baseline,1554,330.1514942142865,311.47473081215753,65.0
baseline,1555,330.33425804456976,311.6453103605806,65.0
baseline,1556,330.517021874853,311.8158899090036,65.0
baseline,1557,330.69978570513626,311.9864694574266,65.0
baseline,1558,330.88254953541946,312.1570490058496,65.0
baseline,1559,331.0653133657027,312.3276285542726,65.0
baseline,1560,331.24807719598596,312.4982081026956,65.0
baseline,1561,331.4308410262692,312.6687876511186,65.0
baseline,1562,331.61360485655246,312.83936719954164,65.0
baseline,1563,331.79636868683576,313.00994674796465,65.0
baseline,1564,331.9791325171189,313.1805262963877,65.0
baseline,1565,332.1618963474022,313.3511058448107,65.0
baseline,1566,332.28373890092445,313.4648255437594,65.0
baseline,1567,332.4665027312077,313.6354050921824,65.0
baseline,1568,332.64926656149095,313.8059846406054,65.0
baseline,1569,332.8320303917742,313.9765641890284,65.0
baseline,1570,333.01479422205745,314.1471437374514,65.0
baseline,1571,333.1975580523407,314.3177232858744,65.0
baseline,1572,333.3803218826239,314.48830283429743,65.0
baseline,1573,333.56308571290714,314.65888238272044,65.0
baseline,1574,333.7458495431904,314.82946193114344,65.0
baseline,1575,333.92861337347364,315.00004147956645,65.0
baseline,1576,334.1113772037569,315.17062102798945,65.0
baseline,1577,334.29414103404014,315.3412005764125,65.0
baseline,1578,334.4769048643234,315.5117801248355,65.0
baseline,1579,334.65966869460664,315.68235967325853,65.0
baseline,1580,334.8424325248899,315.85293922168154,65.0
baseline,1581,335.02519635517314,316.02351877010454,65.0
baseline,1582,335.2079601854564,316.19409831852755,65.0
baseline,1583,335.3907240157396,316.36467786695056,65.0
baseline,1584,335.57348784602283,316.53525741537356,65.0
baseline,1585,335.7562516763061,316.70583696379657,65.0
baseline,1586,335.9390155065893,316.8764165122195,65.0
baseline,1587,336.1217793368726,317.0469960606425,65.0
baseline,1588,336.3045431671558,317.2175756090656,65.0
baseline,1589,336.4873069974391,317.3881551574886,65.0
baseline,1590,336.6700708277223,317.5587347059116,65.0
baseline,1591,336.8528346580055,317.7293142543346,65.0
baseline,1592,337.0355984882888,317.8998938027576,65.0
baseline,1593,337.15744104181096,318.0136135017063,65.0
baseline,1594,337.3402048720942,318.1841930501293,65.0
baseline,1595,337.52296870237745,318.3547725985523,65.0
baseline,1596,337.7057325326607,318.5253521469753,65.0
baseline,1597,337.88849636294395,318.6959316953983,65.0
baseline,1598,338.07126019322715,318.8665112438213,65.0
baseline,1599,338.2540240235104,319.0370907922443,65.0
baseline,1600,338.43678785379365,319.20767034066733,65.0
baseline,1601,338.6195516840769,319.37824988909034,65.0
baseline,1602,338.80231551436015,319.54882943751335,65.0
baseline,1603,338.9850793446434,319.71940898593635,65.0
baseline,1604,339.16784317492665,319.88998853435936,65.0
baseline,1605,339.3506070052099,320.06056808278237,65.0
baseline,1606,339.53337083549314,320.2311476312054,65.0
baseline,1607,339.7161346657764,320.4017271796284,65.0
baseline,1608,339.8988984960596,320.5723067280514,65.0
baseline,1609,340.08166232634284,320.74288627647445,65.0
baseline,1610,340.2644261566261,320.91346582489746,65.0
baseline,1611,340.44718998690934,321.08404537332046,65.0
baseline,1612,340.6299538171926,321.25462492174347,65.0
baseline,1613,340.81271764747584,321.4252044701665,65.0
baseline,1614,340.9954814777591,321.5957840185895,65.0
baseline,1615,341.17824530804234,321.7663635670125,65.0
baseline,1616,341.3610091383256,321.9369431154355,65.0
baseline,1617,341.54377296860883,322.1075226638585,65.0
baseline,1618,341.726536798892,322.2781022122815,65.0
baseline,1619,341.9093006291753,322.44868176070446,65.0
baseline,1620,342.03114318269746,322.5624014596532,65.0
baseline,1621,342.2140060542439,322.73307344657417,65.0
baseline,1622,342.3974332411276,322.904272127728,65.0
baseline,1623,342.58190882793383,323.07644931532417,65.0
baseline,1624,342.7678335826976,323.2499790594706,65.0
baseline,1625,342.9555295856012,323.42516196829047,65.0
baseline,1626,343.1452448576711,323.6022295280395,65.0
baseline,1627,343.33715798947554,323.78134842322197,65.0
baseline,1628,343.53138276982133,323.96262485670775,65.0
baseline,1629,343.72797281445145,324.146108869849,65.0
baseline,1630,343.9269261947419,324.33179866259735,65.0
baseline,1631,344.1281900663995,324.5196449136198,65.0
baseline,1632,344.3316652981584,324.7095551004161,65.0
baseline,1633,344.53721110047803,324.9013978194354,65.0
baseline,1634,344.7446496542397,325.09500710619284,65.0
baseline,1635,344.95377073944434,325.29018675538623,65.0
baseline,1636,345.1643363639093,325.4867146410131,65.0
baseline,1637,345.3760853919659,325.6843470364873,65.0
baseline,1638,345.5887381731566,325.88282293475544,65.0
baseline,1639,345.8020011709321,326.08186836841423,65.0
baseline,1640,346.01557159134865,326.28120072982665,65.0
baseline,1641,346.2291420117651,326.4805330912391,65.0
baseline,1642,346.44240500954066,326.6795785248979,65.0
baseline,1643,346.6550577907313,326.87805442316613,65.0
baseline,1644,346.866806818788,327.0756868186403,65.0
baseline,1645,347.07737244325307,327.2722147042672,65.0
baseline,1646,347.2864935284576,327.4673943534606,65.0
baseline,1647,347.4249864443525,327.5966543882088,65.0
baseline,1648,347.6306127706751,327.7885722629525,65.0
baseline,1649,347.8309615260433,327.975564405571,65.0
baseline,1650,348.02306615077583,328.1548620274585,65.0
baseline,1651,348.20446140580776,328.32416423917863,65.0
baseline,1652,348.37315595719497,328.4816124626726,65.0
baseline,1653,348.52760496061796,328.62576484346613,65.0
baseline,1654,348.66668264588617,328.75557066287803,65.0
baseline,1655,348.78965490144196,328.87034475022745,65.0
baseline,1656,348.89615185886436,328.969741895042,65.0
baseline,1657,348.9861404773735,329.0537312592653,65.0
baseline,1658,349.0598971283346,329.12257078946465,65.0
baseline,1659,349.11798017976184,329.1767816290391,65.0
baseline,1660,349.16120258082276,329.21712253042693,65.0
baseline,1661,349.1906044463419,329.2445642673137,65.0
baseline,1662,349.2074256413051,329.26026404683955,65.0
baseline,1663,349.21307836536363,329.26553992180766,65.0
baseline,1664,349.2091197373381,329.26184520289144,65.0
baseline,1665,349.19722437972257,329.2507428708422,65.0
baseline,1666,349.1791570031886,329.2338799886976,65.0
baseline,1667,349.15674499108934,329.21296211398897,65.0
baseline,1668,349.13185098396343,329.1897277109487,65.0
baseline,1669,349.1063454640395,329.16592256271906,65.0
baseline,1670,349.08207933973955,329.14327418355873,65.0
baseline,1671,349.0608565301836,329.12346623105134,65.0
baseline,1672,349.04440654969363,329.1081129183133,65.0
baseline,1673,349.0343570922972,329.0987334262008,65.0
baseline,1674,349.03544485110336,329.0997486675956,65.0
baseline,1675,349.0467306373988,329.110282066501,65.0
baseline,1676,349.0648437886321,329.1271876716916,65.0
baseline,1677,349.0888688033226,329.1496110152514,65.0
baseline,1678,349.11794631106824,329.1767500182634,65.0
baseline,1679,349.15127170958,329.2078537187076,65.0
baseline,1680,349.18809380171564,329.2422209993601,65.0
baseline,1681,349.2277134325131,329.2791993156913,65.0
baseline,1682,349.2694821262252,329.3181834237645,65.0
baseline,1683,349.31280072335295,329.3586141081341,65.0
baseline,1684,349.3571180176797,329.3999769097447,65.0
baseline,1685,349.40192939330507,329.44180085382897,65.0
baseline,1686,349.4467754616787,329.48365717780655,65.0
baseline,1687,349.4912406986344,329.5251580591825,65.0
baseline,1688,349.5349520814234,329.5659553434457,65.0
baseline,1689,349.5775777257492,329.6057392719674,65.0
baseline,1690,349.618825522801,329.6442372098998,65.0
baseline,1691,349.6584417762872,329.68121237407433,65.0
baseline,1692,349.69620983947004,329.71646256090054,65.0
baseline,1693,349.7319487521991,329.74981887426395,65.0
baseline,1694,349.76551187794513,329.78114445342555,65.0
baseline,1695,349.79678554083404,329.8103332009193,65.0
baseline,1696,349.82568766268105,329.8373085104513,65.0
baseline,1697,349.8521664000243,329.86202199479783,65.0
baseline,1698,349.87619878115873,329.88445221370426,65.0
baseline,1699,349.89778934317013,329.90460340178345,65.0
baseline,1700,349.916968768969,329.9225041964139,65.0
baseline,1701,349.9337925243244,329.93820636563885,65.0
baseline,1702,349.94833949489794,329.9517835360643,65.0
baseline,1703,349.9607106232775,329.9633299207576,65.0
baseline,1704,349.97102754601144,329.97295904714616,65.0
baseline,1705,349.97943123064226,329.980802484916,65.0
baseline,1706,349.98608061274035,329.9870085739098,65.0
baseline,1707,349.99115123293825,329.9917411520258,65.0
baseline,1708,349.9948338739646,329.9951782831162,65.0
baseline,1709,349.99733319767745,329.99751098488576,65.0
baseline,1710,349.99886638209875,329.99894195678985,65.0
baseline,1711,349.99966175844804,329.9996843079338,65.0
baseline,1712,349.99995744817625,329.99996028497065,65.0
baseline,1713,350.0,330.0,65.0
connectivity,0,50.00000202813021,50.000045404831326,65.0
connectivity,1,50.491805298506726,49.918078005631195,65.0
connectivity,2,50.98360856888324,49.83611060643107,65.0
connectivity,3,51.475411839259756,49.75414320723094,65.0
connectivity,4,51.96721510963627,49.672175808030815,65.0
connectivity,5,52.459018380012786,49.590208408830684,65.0
connectivity,6,52.9508216503893,49.50824100963055,65.0
connectivity,7,53.44262492076582,49.42627361043043,65.0
connectivity,8,53.93442819114234,49.3443062112303,65.0
connectivity,9,54.42623146151885,49.26233881203017,65.0
connectivity,10,54.91803473189537,49.18037141283004,65.0
connectivity,11,55.40983800227188,49.09840401362992,65.0
connectivity,12,55.9016412726484,49.016436614429786,65.0
connectivity,13,56.39344454302491,48.934469215229655,65.0
connectivity,14,56.88524781340143,48.85250181602953,65.0
connectivity,15,57.37705108377794,48.7705344168294,65.0
connectivity,16,57.86885435415446,48.688567017629275,65.0
connectivity,17,58.36065762453097,48.606599618429144,65.0
connectivity,18,58.852460894907495,48.52463221922901,65.0
connectivity,19,59.344264165284,48.44266482002889,65.0
connectivity,20,59.836067435660524,48.36069742082876,65.0
connectivity,21,60.32787070603704,48.27873002162863,65.0
connectivity,22,60.819673976413554,48.1967626224285,65.0
connectivity,23,61.31147724679007,48.11479522322837,65.0
connectivity,24,61.803280517166584,48.032827824028246,65.0
connectivity,25,62.2950837875431,47.950860424828115,65.0
connectivity,26,62.786887057919614,47.86889302562799,65.0
connectivity,27,63.27869032829613,47.78692562642786,65.0
connectivity,28,63.770493598672644,47.70495822722773,65.0
connectivity,29,64.26229686904917,47.6229908280276,65.0
connectivity,30,64.75410013942567,47.54102342882747,65.0
connectivity,31,65.2459034098022,47.45905602962735,65.0
connectivity,32,65.7377066801787,47.37708863042722,65.0
connectivity,33,66.22950995055523,47.295121231227085,65.0
connectivity,34,66.72131322093173,47.21315383202696,65.0
connectivity,35,67.21311649130826,47.13118643282683,65.0
connectivity,36,67.70491976168478,47.049219033626706,65.0
connectivity,37,68.19672303206129,46.967251634426574,65.0
connectivity,38,68.6885263024378,46.88528423522645,65.0
connectivity,39,69.18032957281432,46.80331683602632,65.0
connectivity,40,69.67213284319084,46.72134943682619,65.0
connectivity,41,70.16393611356735,46.63938203762606,65.0
connectivity,42,70.65573938394387,46.55741463842593,65.0
connectivity,43,71.14754265432038,46.47544723922581,65.0
connectivity,44,71.6393459246969,46.39347984002568,65.0
connectivity,45,72.13114919507342,46.311512440825545,65.0
connectivity,46,72.62295246544993,46.22954504162542,65.0
connectivity,47,73.11475573582644,46.14757764242529,65.0
connectivity,48,73.60655900620296,46.065610243225166,65.0
connectivity,49,74.09836227657948,45.983642844025034,65.0
connectivity,50,74.59016554695599,45.9016754448249,65.0
connectivity,51,75.08196881733251,45.81970804562478,65.0
connectivity,52,75.57377208770902,45.73774064642465,65.0
connectivity,53,76.06557535808554,45.65577324722452,65.0
connectivity,54,76.55737862846205,45.57380584802439,65.0
connectivity,55,77.04918189883857,45.49183844882427,65.0
connectivity,56,77.54098516921508,45.40987104962414,65.0
connectivity,57,78.0327884395916,45.327903650424005,65.0
connectivity,58,78.5245917099681,45.24593625122388,65.0
connectivity,59,79.01639498034463,45.16396885202375,65.0
connectivity,60,79.50819825072114,45.082001452823626,65.0
connectivity,61,80.00000152109766,45.000034053623494,65.0
connectivity,62,80.49180479147418,44.91806665442336,65.0
connectivity,63,80.98360806185069,44.83609925522324,65.0
connectivity,64,81.47541133222721,44.75413185602311,65.0
connectivity,65,81.96721460260372,44.67216445682298,65.0
connectivity,66,82.45901787298024,44.59019705762285,65.0
connectivity,67,82.95082114335676,44.50822965842272,65.0
connectivity,68,83.44262441373326,44.4262622592226,65.0
connectivity,69,83.93442768410978,44.344294860022465,65.0
connectivity,70,84.4262309544863,44.26232746082234,65.0
connectivity,71,84.91803422486282,44.18036006162221,65.0
connectivity,72,85.40983749523933,44.098392662422086,65.0
connectivity,73,85.90164076561584,44.016425263221954,65.0
connectivity,74,86.39344403599236,43.93445786402182,65.0
connectivity,75,86.88524730636888,43.8524904648217,65.0
connectivity,76,87.37705057674539,43.77052306562157,65.0
connectivity,77,87.86885384712191,43.688555666421436,65.0
connectivity,78,88.36065711749842,43.60658826722131,65.0
connectivity,79,88.85246038787494,43.52462086802118,65.0
connectivity,80,89.34426365825145,43.44265346882106,65.0
connectivity,81,89.83606692862796,43.360686069620925,65.0
connectivity,82,90.32787019900448,43.2787186704208,65.0
connectivity,83,90.819673469381,43.19675127122067,65.0
connectivity,84,91.31147673975752,43.11478387202054,65.0
connectivity,85,91.80328001013403,43.032816472820414,65.0
connectivity,86,92.29508328051054,42.95084907362028,65.0
connectivity,87,92.78688655088706,42.86888167442016,65.0
connectivity,88,93.27868982126358,42.78691427522003,65.0
connectivity,89,93.7704930916401,42.704946876019896,65.0
connectivity,90,94.26229636201661,42.62297947681977,65.0
connectivity,91,94.75409963239312,42.54101207761964,65.0
connectivity,92,95.24590290276964,42.45904467841952,65.0
connectivity,93,95.73770617314615,42.377077279219385,65.0
connectivity,94,96.22950944352266,42.29510988001926,65.0
connectivity,95,96.72131271389918,42.21314248081913,65.0
connectivity,96,97.2131159842757,42.131175081619,65.0
connectivity,97,97.70491925465222,42.049207682418874,65.0
connectivity,98,98.19672252502873,41.96724028321874,65.0
connectivity,99,98.68852579540524,41.88527288401862,65.0
connectivity,100,99.18032906578176,41.80330548481849,65.0
connectivity,101,99.67213233615828,41.721338085618356,65.0
connectivity,102,100.1639356065348,41.63937068641823,65.0
connectivity,103,100.65573887691131,41.5574032872181,65.0
connectivity,104,101.14754214728782,41.47543588801798,65.0
connectivity,105,101.63934541766434,41.393468488817845,65.0
connectivity,106,102.13114868804085,41.31150108961772,65.0
connectivity,107,102.62295195841737,41.22953369041759,65.0
connectivity,108,103.11475522879388,41.14756629121746,65.0
connectivity,109,103.6065584991704,41.065598892017334,65.0
connectivity,110,104.09836176954693,40.9836314928172,65.0
connectivity,111,104.59016503992343,40.90166409361707,65.0
connectivity,112,105.08196831029994,40.81969669441695,65.0
connectivity,113,105.57377158067646,40.737729295216816,65.0
connectivity,114,106.06557485105299,40.65576189601669,65.0
connectivity,115,106.55737812142951,40.57379449681656,65.0
connectivity,116,107.049181391806,40.49182709761644,65.0
connectivity,117,107.54098466218252,40.409859698416305,65.0
connectivity,118,108.03278793255905,40.327892299216174,65.0
connectivity,119,108.52459120293557,40.24592490001605,65.0
connectivity,120,109.01639447331208,40.16395750081592,65.0
connectivity,121,109.50819774368858,40.08199010161579,65.0
connectivity,122,110.0000010140651,40.00002270241566,65.0
connectivity,123,110.49180428444161,39.91805530321554,65.0
connectivity,124,110.98360755481814,39.83608790401541,65.0
connectivity,125,111.47541082519464,39.754120504815276,65.0
connectivity,126,111.96721409557117,39.67215310561515,65.0
connectivity,127,112.45901736594769,39.59018570641502,65.0
connectivity,128,112.95082063632421,39.50821830721489,65.0
connectivity,129,113.4426239067007,39.426250908014765,65.0
connectivity,130,113.93442717707723,39.344283508814634,65.0
connectivity,131,114.42623044745375,39.26231610961451,65.0
connectivity,132,114.91803371783027,39.18034871041438,65.0
connectivity,133,115.40983698820678,39.098381311214254,65.0
connectivity,134,115.9016402585833,39.01641391201412,65.0
connectivity,135,116.3934435289598,38.93444651281399,65.0
connectivity,136,116.88524679933631,38.85247911361387,65.0
connectivity,137,117.37705006971284,38.770511714413736,65.0
connectivity,138,117.86885334008934,38.68854431521361,65.0
connectivity,139,118.36065661046587,38.60657691601348,65.0
connectivity,140,118.85245988084237,38.524609516813356,65.0
connectivity,141,119.34426315121891,38.442642117613225,65.0
connectivity,142,119.83606642159542,38.360674718413094,65.0
connectivity,143,120.32786969197194,38.27870731921297,65.0
connectivity,144,120.81967296234845,38.19673992001284,65.0
connectivity,145,121.31147623272497,38.11477252081271,65.0
connectivity,146,121.80327950310148,38.03280512161258,65.0
connectivity,147,122.29508277347799,37.95083772241246,65.0
connectivity,148,122.78688604385451,37.86887032321233,65.0
connectivity,149,123.27868931423102,37.786902924012196,65.0
connectivity,150,123.77049258460754,37.70493552481207,65.0
connectivity,151,124.26229585498405,37.62296812561194,65.0
connectivity,152,124.75409912536057,37.54100072641181,65.0
connectivity,153,125.24590239573709,37.459033327211685,65.0
connectivity,154,125.73770566611361,37.377065928011554,65.0
connectivity,155,126.22950893649012,37.29509852881142,65.0
connectivity,156,126.72131220686664,37.2131311296113,65.0
connectivity,157,127.21311547724315,37.13116373041117,65.0
connectivity,158,127.70491874761967,37.049196331211036,65.0
connectivity,159,128.1967220179962,36.96722893201091,65.0
connectivity,160,128.6885252883727,36.88526153281079,65.0
connectivity,161,129.1803285587492,36.803294133610656,65.0
connectivity,162,129.6721318291257,36.721326734410525,65.0
connectivity,163,130.16393509950223,36.6393593352104,65.0
connectivity,164,130.65573836987875,36.55739193601027,65.0
connectivity,165,131.14754164025527,36.47542453681014,65.0
connectivity,166,131.6393449106318,36.393457137610014,65.0
connectivity,167,132.1311481810083,36.31148973840988,65.0
connectivity,168,132.62295145138484,36.22952233920976,65.0
connectivity,169,133.11475472176136,36.14755494000963,65.0
connectivity,170,133.60655799213785,36.0655875408095,65.0
connectivity,171,134.09836126251435,35.98362014160937,65.0
connectivity,172,134.59016453289087,35.90165274240924,65.0
connectivity,173,135.0819678032674,35.819685343209116,65.0
connectivity,174,135.5737710736439,35.737717944008985,65.0
connectivity,175,136.06557434402043,35.65575054480886,65.0
connectivity,176,136.55737761439696,35.57378314560873,65.0
connectivity,177,137.04918088477348,35.491815746408605,65.0
connectivity,178,137.54098415515,35.409848347208474,65.0
connectivity,179,138.0327874255265,35.32788094800834,65.0
connectivity,180,138.52459069590302,35.24591354880822,65.0
connectivity,181,139.0163939662795,35.16394614960809,65.0
connectivity,182,139.50819723665603,35.081978750407956,65.0
connectivity,183,140.00000050703255,35.00001135120783,65.0
connectivity,184,140.49180377740907,34.91804395200771,65.0
connectivity,185,140.9836070477856,34.836076552807576,65.0
connectivity,186,141.4754103181621,34.754109153607445,65.0
connectivity,187,141.9672135885386,34.67214175440732,65.0
connectivity,188,142.4590168589151,34.59017435520719,65.0
connectivity,189,142.95082012929163,34.50820695600706,65.0
connectivity,190,143.44262339966815,34.426239556806934,65.0
connectivity,191,143.93442667004467,34.3442721576068,65.0
connectivity,192,144.4262299404212,34.26230475840668,65.0
connectivity,193,144.91803321079772,34.18033735920655,65.0
connectivity,194,145.40983648117424,34.09836996000642,65.0
connectivity,195,145.90163975155076,34.01640256080629,65.0
connectivity,196,146.39344302192725,33.93443516160616,65.0
connectivity,197,146.88524629230375,33.852467762406036,65.0
connectivity,198,147.37704956268027,33.770500363205905,65.0
connectivity,199,147.8688528330568,33.68853296400577,65.0
connectivity,200,148.3606561034333,33.60656556480565,65.0
connectivity,201,148.85245937380984,33.524598165605525,65.0
connectivity,202,149.34426264418636,33.44263076640539,65.0
connectivity,203,149.83606591456288,33.36066336720526,65.0
connectivity,204,150.3278691849394,33.27869596800514,65.0
connectivity,205,150.8196724553159,33.19672856880501,65.0
connectivity,206,151.31147572569242,33.114761169604876,65.0
connectivity,207,151.8032789960689,33.03279377040475,65.0
connectivity,208,152.29508226644543,32.95082637120463,65.0
connectivity,209,152.78688553682196,32.86885897200449,65.0
connectivity,210,153.27868880719848,32.786891572804365,65.0
connectivity,211,153.770492077575,32.70492417360424,65.0
connectivity,212,154.2622953479515,32.62295677440411,65.0
connectivity,213,154.75409861832802,32.54098937520398,65.0
connectivity,214,155.24590188870454,32.459021976003854,65.0
connectivity,215,155.73770515908106,32.37705457680372,65.0
connectivity,216,156.22950842945755,32.29508717760359,65.0
connectivity,217,156.72131169983408,32.21311977840347,65.0
connectivity,218,157.2131149702106,32.13115237920334,65.0
connectivity,219,157.70491824058712,32.049184980003204,65.0
connectivity,220,158.19672151096364,31.96721758080308,65.0
connectivity,221,158.68852478134013,31.885250181602952,65.0
connectivity,222,159.18032805171666,31.803282782402825,65.0
connectivity,223,159.67213132209315,31.721315383202697,65.0
connectivity,224,160.16393459246967,31.639347984002566,65.0
connectivity,225,160.6557378628462,31.55738058480244,65.0
connectivity,226,161.14754113322272,31.47541318560231,65.0
connectivity,227,161.63934440359924,31.393445786402182,65.0
connectivity,228,162.13114767397576,31.311478387202055,65.0
connectivity,229,162.62295094435228,31.229510988001927,65.0
connectivity,230,163.1147542147288,31.147543588801796,65.0
connectivity,231,163.6065574851053,31.065576189601668,65.0
connectivity,232,164.0983607554818,30.98360879040154,65.0
connectivity,233,164.59016402585831,30.901641391201412,65.0
connectivity,234,165.08196729623484,30.819673992001285,65.0
connectivity,235,165.57377056661136,30.737706592801157,65.0
connectivity,236,166.06557383698788,30.65573919360103,65.0
connectivity,237,166.5573771073644,30.573771794400898,65.0
connectivity,238,167.04918037774092,30.49180439520077,65.0
connectivity,239,167.54098364811745,30.409836996000642,65.0
connectivity,240,168.03278691849394,30.327869596800515,65.0
connectivity,241,168.52459018887046,30.245902197600383,65.0
connectivity,242,169.01639345924696,30.163934798400255,65.0
connectivity,243,169.50819672962348,30.081967399200128,65.0
connectivity,244,170.0,30.0,65.0
connectivity,245,170.35087719298247,30.350877192982455,65.0
connectivity,246,170.7017543859649,30.70175438596491,65.0
connectivity,247,171.05263157894737,31.05263157894737,65.0
connectivity,248,171.40350877192984,31.403508771929825,65.0
connectivity,249,171.75438596491227,31.75438596491228,65.0
connectivity,250,172.10526315789474,32.10526315789474,65.0
connectivity,251,172.4561403508772,32.45614035087719,65.0
connectivity,252,172.80701754385964,32.80701754385965,65.0
connectivity,253,173.1578947368421,33.1578947368421,65.0
connectivity,254,173.50877192982455,33.50877192982456,65.0
connectivity,255,173.859649122807,33.859649122807014,65.0
connectivity,256,174.21052631578948,34.21052631578947,65.0
connectivity,257,174.56140350877192,34.56140350877193,65.0
connectivity,258,174.91228070175438,34.91228070175438,65.0
connectivity,259,175.26315789473685,35.26315789473684,65.0
connectivity,260,175.6140350877193,35.6140350877193,65.0
connectivity,261,175.96491228070175,35.96491228070175,65.0
connectivity,262,176.31578947368422,36.31578947368421,65.0
connectivity,263,176.66666666666666,36.666666666666664,65.0
connectivity,264,177.01754385964912,37.01754385964912,65.0
connectivity,265,177.3684210526316,37.368421052631575,65.0
connectivity,266,177.71929824561403,37.719298245614034,65.0
connectivity,267,178.0701754385965,38.07017543859649,65.0
connectivity,268,178.42105263157896,38.421052631578945,65.0
connectivity,269,178.7719298245614,38.771929824561404,65.0
connectivity,270,179.12280701754386,39.12280701754386,65.0
connectivity,271,179.4736842105263,39.473684210526315,65.0
connectivity,272,179.82456140350877,39.82456140350877,65.0
connectivity,273,180.17543859649123,40.17543859649123,65.0
connectivity,274,180.52631578947367,40.526315789473685,65.0
connectivity,275,180.87719298245614,40.87719298245614,65.0
connectivity,276,181.2280701754386,41.228070175438596,65.0
connectivity,277,181.57894736842104,41.578947368421055,65.0
connectivity,278,181.9298245614035,41.92982456140351,65.0
connectivity,279,182.28070175438597,42.280701754385966,65.0
connectivity,280,182.6315789473684,42.631578947368425,65.0
connectivity,281,182.98245614035088,42.98245614035088,65.0
connectivity,282,183.33333333333334,43.33333333333333,65.0
connectivity,283,183.68421052631578,43.68421052631579,65.0
connectivity,284,184.03508771929825,44.03508771929825,65.0
connectivity,285,184.3859649122807,44.3859649122807,65.0
connectivity,286,184.73684210526315,44.73684210526316,65.0
connectivity,287,185.08771929824562,45.08771929824562,65.0
connectivity,288,185.43859649122805,45.43859649122807,65.0
connectivity,289,185.78947368421052,45.78947368421053,65.0
connectivity,290,186.140350877193,46.140350877192986,65.0
connectivity,291,186.49122807017545,46.49122807017544,65.0
connectivity,292,186.8421052631579,46.84210526315789,65.0
connectivity,293,187.19298245614036,47.19298245614035,65.0
connectivity,294,187.5438596491228,47.54385964912281,65.0
connectivity,295,187.89473684210526,47.89473684210526,65.0
connectivity,296,188.24561403508773,48.24561403508772,65.0
connectivity,297,188.59649122807016,48.59649122807018,65.0
connectivity,298,188.94736842105263,48.94736842105263,65.0
connectivity,299,189.2982456140351,49.29824561403509,65.0
connectivity,300,189.64912280701753,49.64912280701754,65.0
connectivity,301,190.0,50.0,65.0
connectivity,302,190.12121212121212,50.484848484848484,65.0
connectivity,303,190.24242424242425,50.96969696969697,65.0
connectivity,304,190.36363636363637,51.45454545454545,65.0
connectivity,305,190.4848484848485,51.93939393939394,65.0
connectivity,306,190.6060606060606,52.42424242424242,65.0
connectivity,307,190.72727272727272,52.90909090909091,65.0
connectivity,308,190.84848484848484,53.39393939393939,65.0
connectivity,309,190.96969696969697,53.878787878787875,65.0
connectivity,310,191.0909090909091,54.36363636363636,65.0
connectivity,311,191.21212121212122,54.84848484848485,65.0
connectivity,312,191.33333333333334,55.333333333333336,65.0
connectivity,313,191.45454545454547,55.81818181818182,65.0
connectivity,314,191.57575757575756,56.303030303030305,65.0
connectivity,315,191.6969696969697,56.78787878787879,65.0
connectivity,316,191.8181818181818,57.27272727272727,65.0
connectivity,317,191.93939393939394,57.75757575757576,65.0
connectivity,318,192.06060606060606,58.24242424242424,65.0
connectivity,319,192.1818181818182,58.72727272727273,65.0
connectivity,320,192.3030303030303,59.21212121212121,65.0
connectivity,321,192.42424242424244,59.696969696969695,65.0
connectivity,322,192.54545454545453,60.18181818181818,65.0
connectivity,323,192.66666666666666,60.666666666666664,65.0
connectivity,324,192.78787878787878,61.151515151515156,65.0
connectivity,325,192.9090909090909,61.63636363636364,65.0
connectivity,326,193.03030303030303,62.121212121212125,65.0
connectivity,327,193.15151515151516,62.60606060606061,65.0
connectivity,328,193.27272727272728,63.09090909090909,65.0
connectivity,329,193.3939393939394,63.57575757575758,65.0
connectivity,330,193.5151515151515,64.06060606060606,65.0
connectivity,331,193.63636363636363,64.54545454545455,65.0
connectivity,332,193.75757575757575,65.03030303030303,65.0
connectivity,333,193.87878787878788,65.51515151515152,65.0
connectivity,334,194.0,66.0,65.0
connectivity,335,194.12121212121212,66.48484848484848,65.0
connectivity,336,194.24242424242425,66.96969696969697,65.0
connectivity,337,194.36363636363637,67.45454545454545,65.0
connectivity,338,194.4848484848485,67.93939393939394,65.0
connectivity,339,194.6060606060606,68.42424242424242,65.0
connectivity,340,194.72727272727272,68.9090909090909,65.0
connectivity,341,194.84848484848484,69.39393939393939,65.0
connectivity,342,194.96969696969697,69.87878787878788,65.0
connectivity,343,195.0909090909091,70.36363636363636,65.0
connectivity,344,195.21212121212122,70.84848484848484,65.0
connectivity,345,195.33333333333334,71.33333333333333,65.0
connectivity,346,195.45454545454547,71.81818181818181,65.0
connectivity,347,195.57575757575756,72.30303030303031,65.0
connectivity,348,195.6969696969697,72.78787878787878,65.0
connectivity,349,195.8181818181818,73.27272727272728,65.0
connectivity,350,195.93939393939394,73.75757575757575,65.0
connectivity,351,196.06060606060606,74.24242424242425,65.0
connectivity,352,196.1818181818182,74.72727272727272,65.0
connectivity,353,196.3030303030303,75.21212121212122,65.0
connectivity,354,196.42424242424244,75.6969696969697,65.0
connectivity,355,196.54545454545453,76.18181818181819,65.0
connectivity,356,196.66666666666666,76.66666666666666,65.0
connectivity,357,196.78787878787878,77.15151515151516,65.0
connectivity,358,196.9090909090909,77.63636363636364,65.0
connectivity,359,197.03030303030303,78.12121212121212,65.0
connectivity,360,197.15151515151516,78.60606060606061,65.0
connectivity,361,197.27272727272728,79.0909090909091,65.0
connectivity,362,197.3939393939394,79.57575757575758,65.0
connectivity,363,197.5151515151515,80.06060606060606,65.0
connectivity,364,197.63636363636363,80.54545454545455,65.0
connectivity,365,197.75757575757575,81.03030303030303,65.0
connectivity,366,197.87878787878788,81.51515151515152,65.0
connectivity,367,198.0,82.0,65.0
connectivity,368,198.12121212121212,82.48484848484848,65.0
connectivity,369,198.24242424242425,82.96969696969697,65.0
connectivity,370,198.36363636363637,83.45454545454545,65.0
connectivity,371,198.4848484848485,83.93939393939394,65.0
connectivity,372,198.6060606060606,84.42424242424242,65.0
connectivity,373,198.72727272727272,84.9090909090909,65.0
connectivity,374,198.84848484848484,85.3939393939394,65.0
connectivity,375,198.96969696969697,85.87878787878788,65.0
connectivity,376,199.0909090909091,86.36363636363636,65.0
connectivity,377,199.21212121212122,86.84848484848484,65.0
connectivity,378,199.33333333333334,87.33333333333334,65.0
connectivity,379,199.45454545454547,87.81818181818181,65.0
connectivity,380,199.57575757575756,88.3030303030303,65.0
connectivity,381,199.6969696969697,88.78787878787878,65.0
connectivity,382,199.8181818181818,89.27272727272728,65.0
connectivity,383,199.93939393939394,89.75757575757575,65.0
connectivity,384,200.06060606060606,90.24242424242425,65.0
connectivity,385,200.1818181818182,90.72727272727272,65.0
connectivity,386,200.3030303030303,91.21212121212122,65.0
connectivity,387,200.42424242424244,91.6969696969697,65.0
connectivity,388,200.54545454545453,92.18181818181819,65.0
connectivity,389,200.66666666666666,92.66666666666666,65.0
connectivity,390,200.78787878787878,93.15151515151516,65.0
connectivity,391,200.9090909090909,93.63636363636363,65.0
connectivity,392,201.03030303030303,94.12121212121212,65.0
connectivity,393,201.15151515151516,94.60606060606061,65.0
connectivity,394,201.27272727272728,95.0909090909091,65.0
connectivity,395,201.3939393939394,95.57575757575758,65.0
connectivity,396,201.5151515151515,96.06060606060606,65.0
connectivity,397,201.63636363636363,96.54545454545455,65.0
connectivity,398,201.75757575757575,97.03030303030303,65.0
connectivity,399,201.87878787878788,97.51515151515152,65.0
connectivity,400,202.0,98.0,65.0
connectivity,401,202.12121212121212,98.48484848484848,65.0
connectivity,402,202.24242424242425,98.96969696969697,65.0
connectivity,403,202.36363636363637,99.45454545454545,65.0
connectivity,404,202.4848484848485,99.93939393939394,65.0
connectivity,405,202.6060606060606,100.42424242424242,65.0
connectivity,406,202.72727272727272,100.9090909090909,65.0
connectivity,407,202.84848484848484,101.3939393939394,65.0
connectivity,408,202.96969696969697,101.87878787878788,65.0
connectivity,409,203.0909090909091,102.36363636363636,65.0
connectivity,410,203.21212121212122,102.84848484848484,65.0
connectivity,411,203.33333333333334,103.33333333333333,65.0
connectivity,412,203.45454545454547,103.81818181818181,65.0
connectivity,413,203.57575757575756,104.30303030303031,65.0
connectivity,414,203.6969696969697,104.78787878787878,65.0
connectivity,415,203.8181818181818,105.27272727272728,65.0
connectivity,416,203.93939393939394,105.75757575757576,65.0
connectivity,417,204.06060606060606,106.24242424242425,65.0
connectivity,418,204.1818181818182,106.72727272727272,65.0
connectivity,419,204.3030303030303,107.21212121212122,65.0
connectivity,420,204.42424242424244,107.69696969696969,65.0
connectivity,421,204.54545454545456,108.18181818181819,65.0
connectivity,422,204.66666666666666,108.66666666666666,65.0
connectivity,423,204.78787878787878,109.15151515151516,65.0
connectivity,424,204.9090909090909,109.63636363636364,65.0
connectivity,425,205.03030303030303,110.12121212121212,65.0
connectivity,426,205.15151515151516,110.60606060606061,65.0
connectivity,427,205.27272727272728,111.0909090909091,65.0
connectivity,428,205.3939393939394,111.57575757575756,65.0
connectivity,429,205.5151515151515,112.06060606060606,65.0
connectivity,430,205.63636363636363,112.54545454545455,65.0
connectivity,431,205.75757575757575,113.03030303030303,65.0
connectivity,432,205.87878787878788,113.51515151515152,65.0
connectivity,433,206.0,114.0,65.0
connectivity,434,206.12121212121212,114.48484848484848,65.0
connectivity,435,206.24242424242425,114.96969696969697,65.0
connectivity,436,206.36363636363637,115.45454545454545,65.0
connectivity,437,206.4848484848485,115.93939393939394,65.0
connectivity,438,206.6060606060606,116.42424242424242,65.0
connectivity,439,206.72727272727272,116.9090909090909,65.0
connectivity,440,206.84848484848484,117.39393939393939,65.0
connectivity,441,206.96969696969697,117.87878787878788,65.0
connectivity,442,207.0909090909091,118.36363636363636,65.0
connectivity,443,207.21212121212122,118.84848484848484,65.0
connectivity,444,207.33333333333334,119.33333333333334,65.0
connectivity,445,207.45454545454544,119.81818181818181,65.0
connectivity,446,207.57575757575756,120.3030303030303,65.0
connectivity,447,207.6969696969697,120.7878787878788,65.0
connectivity,448,207.8181818181818,121.27272727272727,65.0
connectivity,449,207.93939393939394,121.75757575757575,65.0
connectivity,450,208.06060606060606,122.24242424242425,65.0
connectivity,451,208.1818181818182,122.72727272727272,65.0
connectivity,452,208.3030303030303,123.21212121212122,65.0
connectivity,453,208.42424242424244,123.6969696969697,65.0
connectivity,454,208.54545454545456,124.18181818181819,65.0
connectivity,455,208.66666666666666,124.66666666666667,65.0
connectivity,456,208.78787878787878,125.15151515151516,65.0
connectivity,457,208.9090909090909,125.63636363636364,65.0
connectivity,458,209.03030303030303,126.12121212121212,65.0
connectivity,459,209.15151515151516,126.6060606060606,65.0
connectivity,460,209.27272727272728,127.0909090909091,65.0
connectivity,461,209.3939393939394,127.57575757575758,65.0
connectivity,462,209.5151515151515,128.06060606060606,65.0
connectivity,463,209.63636363636363,128.54545454545456,65.0
connectivity,464,209.75757575757575,129.03030303030303,65.0
connectivity,465,209.87878787878788,129.5151515151515,65.0
connectivity,466,210.0,130.0,65.0
connectivity,467,210.28629856850716,130.40899795501022,65.0
connectivity,468,210.57259713701433,130.81799591002044,65.0
connectivity,469,210.85889570552146,131.22699386503066,65.0
connectivity,470,211.14519427402863,131.6359918200409,65.0
connectivity,471,211.4314928425358,132.04498977505114,65.0
connectivity,472,211.71779141104295,132.45398773006136,65.0
connectivity,473,212.00408997955012,132.86298568507158,65.0
connectivity,474,212.29038854805725,133.2719836400818,65.0
connectivity,475,212.57668711656441,133.68098159509202,65.0
connectivity,476,212.86298568507158,134.08997955010224,65.0
connectivity,477,213.14928425357874,134.49897750511246,65.0
connectivity,478,213.43558282208588,134.9079754601227,65.0
connectivity,479,213.72188139059304,135.31697341513294,65.0
connectivity,480,214.0081799591002,135.72597137014316,65.0
connectivity,481,214.29447852760737,136.13496932515338,65.0
connectivity,482,214.58077709611453,136.5439672801636,65.0
connectivity,483,214.86707566462167,136.95296523517382,65.0
connectivity,484,215.15337423312883,137.36196319018404,65.0
connectivity,485,215.439672801636,137.77096114519426,65.0
connectivity,486,215.72597137014316,138.17995910020448,65.0
connectivity,487,216.01226993865032,138.58895705521473,65.0
connectivity,488,216.29856850715746,138.99795501022496,65.0
connectivity,489,216.58486707566462,139.40695296523518,65.0
connectivity,490,216.87116564417178,139.8159509202454,65.0
connectivity,491,217.15746421267895,140.22494887525562,65.0
connectivity,492,217.44376278118608,140.63394683026584,65.0
connectivity,493,217.73006134969324,141.04294478527606,65.0
connectivity,494,218.0163599182004,141.4519427402863,65.0
connectivity,495,218.30265848670757,141.86094069529653,65.0
connectivity,496,218.58895705521473,142.26993865030676,65.0
connectivity,497,218.87525562372187,142.67893660531698,65.0
connectivity,498,219.16155419222903,143.0879345603272,65.0
connectivity,499,219.4478527607362,143.49693251533742,65.0
connectivity,500,219.73415132924336,143.90593047034764,65.0
connectivity,501,220.02044989775052,144.31492842535786,65.0
connectivity,502,220.30674846625766,144.72392638036808,65.0
connectivity,503,220.59304703476482,145.13292433537833,65.0
connectivity,504,220.879345603272,145.54192229038856,65.0
connectivity,505,221.16564417177915,145.95092024539878,65.0
connectivity,506,221.4519427402863,146.359918200409,65.0
connectivity,507,221.73824130879345,146.76891615541922,65.0
connectivity,508,222.0245398773006,147.17791411042944,65.0
connectivity,509,222.31083844580778,147.58691206543966,65.0
connectivity,510,222.59713701431494,147.9959100204499,65.0
connectivity,511,222.88343558282207,148.40490797546013,65.0
connectivity,512,223.16973415132924,148.81390593047036,65.0
connectivity,513,223.4560327198364,149.22290388548058,65.0
connectivity,514,223.74233128834356,149.6319018404908,65.0
connectivity,515,224.02862985685073,150.04089979550102,65.0
connectivity,516,224.31492842535786,150.44989775051124,65.0
connectivity,517,224.60122699386503,150.85889570552146,65.0
connectivity,518,224.8875255623722,151.26789366053168,65.0
connectivity,519,225.17382413087935,151.67689161554193,65.0
connectivity,520,225.4601226993865,152.08588957055215,65.0
connectivity,521,225.74642126789365,152.49488752556238,65.0
connectivity,522,226.03271983640082,152.9038854805726,65.0
connectivity,523,226.31901840490798,153.31288343558282,65.0
connectivity,524,226.60531697341514,153.72188139059304,65.0
connectivity,525,226.8916155419223,154.13087934560326,65.0
connectivity,526,227.17791411042944,154.5398773006135,65.0
connectivity,527,227.4642126789366,154.94887525562373,65.0
connectivity,528,227.75051124744377,155.35787321063395,65.0
connectivity,529,228.03680981595093,155.76687116564418,65.0
connectivity,530,228.32310838445807,156.1758691206544,65.0
connectivity,531,228.60940695296523,156.58486707566462,65.0
connectivity,532,228.8957055214724,156.99386503067484,65.0
connectivity,533,229.18200408997956,157.40286298568506,65.0
connectivity,534,229.46830265848672,157.81186094069528,65.0
connectivity,535,229.75460122699386,158.22085889570553,65.0
connectivity,536,230.04089979550102,158.62985685071575,65.0
connectivity,537,230.32719836400818,159.03885480572598,65.0
connectivity,538,230.61349693251535,159.4478527607362,65.0
connectivity,539,230.89979550102248,159.85685071574642,65.0
connectivity,540,231.18609406952964,160.26584867075664,65.0
connectivity,541,231.4723926380368,160.67484662576686,65.0
connectivity,542,231.75869120654397,161.0838445807771,65.0
connectivity,543,232.04498977505114,161.4928425357873,65.0
connectivity,544,232.33128834355827,161.90184049079755,65.0
connectivity,545,232.61758691206543,162.31083844580778,65.0
connectivity,546,232.9038854805726,162.719836400818,65.0
connectivity,547,233.19018404907976,163.12883435582822,65.0
connectivity,548,233.4764826175869,163.53783231083844,65.0
connectivity,549,233.76278118609406,163.94683026584866,65.0
connectivity,550,234.04907975460122,164.35582822085888,65.0
connectivity,551,234.3353783231084,164.76482617586913,65.0
connectivity,552,234.62167689161555,165.17382413087935,65.0
connectivity,553,234.9079754601227,165.58282208588957,65.0
connectivity,554,235.19427402862985,165.9918200408998,65.0
connectivity,555,235.480572597137,166.40081799591002,65.0
connectivity,556,235.76687116564418,166.80981595092024,65.0
connectivity,557,236.05316973415134,167.21881390593046,65.0
connectivity,558,236.33946830265847,167.6278118609407,65.0
connectivity,559,236.62576687116564,168.03680981595093,65.0
connectivity,560,236.9120654396728,168.44580777096115,65.0
connectivity,561,237.19836400817996,168.85480572597137,65.0
connectivity,562,237.48466257668713,169.2638036809816,65.0
connectivity,563,237.77096114519426,169.67280163599182,65.0
connectivity,564,238.05725971370143,170.08179959100204,65.0
connectivity,565,238.3435582822086,170.49079754601226,65.0
connectivity,566,238.62985685071575,170.89979550102248,65.0
connectivity,567,238.91615541922292,171.30879345603273,65.0
connectivity,568,239.20245398773005,171.71779141104295,65.0
connectivity,569,239.48875255623722,172.12678936605317,65.0
connectivity,570,239.77505112474438,172.5357873210634,65.0
connectivity,571,240.06134969325154,172.94478527607362,65.0
connectivity,572,240.34764826175868,173.35378323108384,65.0
connectivity,573,240.63394683026584,173.76278118609406,65.0
connectivity,574,240.920245398773,174.1717791411043,65.0
connectivity,575,241.20654396728017,174.58077709611453,65.0
connectivity,576,241.4928425357873,174.98977505112475,65.0
connectivity,577,241.77914110429447,175.39877300613497,65.0
connectivity,578,242.06543967280163,175.8077709611452,65.0
connectivity,579,242.3517382413088,176.21676891615542,65.0
connectivity,580,242.63803680981596,176.62576687116564,65.0
connectivity,581,242.92433537832312,177.03476482617586,65.0
connectivity,582,243.21063394683026,177.44376278118608,65.0
connectivity,583,243.49693251533742,177.85276073619633,65.0
connectivity,584,243.78323108384458,178.26175869120655,65.0
connectivity,585,244.06952965235175,178.67075664621677,65.0
connectivity,586,244.35582822085888,179.079754601227,65.0
connectivity,587,244.64212678936605,179.48875255623722,65.0
connectivity,588,244.9284253578732,179.89775051124744,65.0
connectivity,589,245.21472392638037,180.30674846625766,65.0
connectivity,590,245.50102249488754,180.7157464212679,65.0
connectivity,591,245.7873210633947,181.1247443762781,65.0
connectivity,592,246.07361963190183,181.53374233128835,65.0
connectivity,593,246.359918200409,181.94274028629857,65.0
connectivity,594,246.64621676891616,182.3517382413088,65.0
connectivity,595,246.9325153374233,182.76073619631902,65.0
connectivity,596,247.21881390593046,183.16973415132924,65.0
connectivity,597,247.50511247443762,183.57873210633946,65.0
connectivity,598,247.7914110429448,183.98773006134968,65.0
connectivity,599,248.07770961145195,184.39672801635993,65.0
connectivity,600,248.36400817995911,184.80572597137015,65.0
connectivity,601,248.65030674846625,185.21472392638037,65.0
connectivity,602,248.9366053169734,185.6237218813906,65.0
connectivity,603,249.22290388548058,186.03271983640082,65.0
connectivity,604,249.5092024539877,186.44171779141104,65.0
connectivity,605,249.79550102249488,186.85071574642126,65.0
connectivity,606,250.08179959100204,187.2597137014315,65.0
connectivity,607,250.3680981595092,187.6687116564417,65.0
connectivity,608,250.65439672801637,188.07770961145195,65.0
connectivity,609,250.94069529652353,188.48670756646217,65.0
connectivity,610,251.2269938650307,188.8957055214724,65.0
connectivity,611,251.51329243353783,189.30470347648262,65.0
connectivity,612,251.799591002045,189.71370143149284,65.0
connectivity,613,252.08588957055215,190.12269938650306,65.0
connectivity,614,252.3721881390593,190.53169734151328,65.0
connectivity,615,252.65848670756645,190.94069529652353,65.0
connectivity,616,252.94478527607362,191.34969325153375,65.0
connectivity,617,253.23108384458078,191.75869120654397,65.0
connectivity,618,253.51738241308794,192.1676891615542,65.0
connectivity,619,253.8036809815951,192.57668711656441,65.0
connectivity,620,254.08997955010224,192.98568507157464,65.0
connectivity,621,254.3762781186094,193.39468302658486,65.0
connectivity,622,254.66257668711657,193.8036809815951,65.0
connectivity,623,254.9488752556237,194.2126789366053,65.0
connectivity,624,255.23517382413087,194.62167689161555,65.0
connectivity,625,255.52147239263803,195.03067484662577,65.0
connectivity,626,255.8077709611452,195.439672801636,65.0
connectivity,627,256.09406952965236,195.84867075664621,65.0
connectivity,628,256.3803680981595,196.25766871165644,65.0
connectivity,629,256.6666666666667,196.66666666666666,65.0
connectivity,630,256.9529652351738,197.07566462167688,65.0
connectivity,631,257.23926380368096,197.48466257668713,65.0
connectivity,632,257.5255623721881,197.89366053169732,65.0
connectivity,633,257.8118609406953,198.30265848670757,65.0
connectivity,634,258.09815950920245,198.7116564417178,65.0
connectivity,635,258.3844580777096,199.120654396728,65.0
connectivity,636,258.6707566462168,199.52965235173824,65.0
connectivity,637,258.95705521472394,199.93865030674846,65.0
connectivity,638,259.2433537832311,200.3476482617587,65.0
connectivity,639,259.52965235173826,200.7566462167689,65.0
connectivity,640,259.8159509202454,201.16564417177915,65.0
connectivity,641,260.10224948875253,201.57464212678937,65.0
connectivity,642,260.3885480572597,201.9836400817996,65.0
connectivity,643,260.67484662576686,202.3926380368098,65.0
connectivity,644,260.961145194274,202.80163599182004,65.0
connectivity,645,261.2474437627812,203.21063394683026,65.0
connectivity,646,261.53374233128835,203.61963190184048,65.0
connectivity,647,261.8200408997955,204.02862985685073,65.0
connectivity,648,262.1063394683027,204.43762781186092,65.0
connectivity,649,262.3926380368098,204.84662576687117,65.0
connectivity,650,262.67893660531695,205.2556237218814,65.0
connectivity,651,262.9652351738241,205.6646216768916,65.0
connectivity,652,263.2515337423313,206.07361963190186,65.0
connectivity,653,263.53783231083844,206.48261758691206,65.0
connectivity,654,263.8241308793456,206.8916155419223,65.0
connectivity,655,264.11042944785277,207.3006134969325,65.0
connectivity,656,264.39672801635993,207.70961145194275,65.0
connectivity,657,264.6830265848671,208.11860940695297,65.0
connectivity,658,264.96932515337426,208.5276073619632,65.0
connectivity,659,265.2556237218814,208.9366053169734,65.0
connectivity,660,265.5419222903885,209.34560327198363,65.0
connectivity,661,265.8282208588957,209.75460122699386,65.0
connectivity,662,266.11451942740285,210.16359918200408,65.0
connectivity,663,266.40081799591,210.57259713701433,65.0
connectivity,664,266.6871165644172,210.98159509202452,65.0
connectivity,665,266.97341513292434,211.39059304703477,65.0
connectivity,666,267.2597137014315,211.799591002045,65.0
connectivity,667,267.5460122699387,212.2085889570552,65.0
connectivity,668,267.83231083844584,212.61758691206546,65.0
connectivity,669,268.11860940695294,213.02658486707566,65.0
connectivity,670,268.4049079754601,213.4355828220859,65.0
connectivity,671,268.69120654396727,213.8445807770961,65.0
connectivity,672,268.97750511247443,214.25357873210635,65.0
connectivity,673,269.2638036809816,214.66257668711657,65.0
connectivity,674,269.55010224948876,215.0715746421268,65.0
connectivity,675,269.8364008179959,215.480572597137,65.0
connectivity,676,270.1226993865031,215.88957055214723,65.0
connectivity,677,270.40899795501025,216.29856850715748,65.0
connectivity,678,270.69529652351736,216.70756646216768,65.0
connectivity,679,270.9815950920245,217.11656441717793,65.0
connectivity,680,271.2678936605317,217.52556237218812,65.0
connectivity,681,271.55419222903885,217.93456032719837,65.0
connectivity,682,271.840490797546,218.3435582822086,65.0
connectivity,683,272.1267893660532,218.7525562372188,65.0
connectivity,684,272.41308793456034,219.16155419222906,65.0
connectivity,685,272.6993865030675,219.57055214723925,65.0
connectivity,686,272.9856850715746,219.9795501022495,65.0
connectivity,687,273.27198364008177,220.3885480572597,65.0
connectivity,688,273.55828220858893,220.79754601226995,65.0
connectivity,689,273.8445807770961,221.20654396728017,65.0
connectivity,690,274.13087934560326,221.6155419222904,65.0
connectivity,691,274.4171779141104,222.0245398773006,65.0
connectivity,692,274.7034764826176,222.43353783231083,65.0
connectivity,693,274.98977505112475,222.84253578732108,65.0
connectivity,694,275.2760736196319,223.25153374233128,65.0
connectivity,695,275.5623721881391,223.66053169734153,65.0
connectivity,696,275.84867075664624,224.06952965235172,65.0
connectivity,697,276.1349693251534,224.47852760736197,65.0
connectivity,698,276.4212678936605,224.8875255623722,65.0
connectivity,699,276.7075664621677,225.2965235173824,65.0
connectivity,700,276.99386503067484,225.70552147239266,65.0
connectivity,701,277.280163599182,226.11451942740285,65.0
connectivity,702,277.56646216768917,226.5235173824131,65.0
connectivity,703,277.85276073619633,226.9325153374233,65.0
connectivity,704,278.1390593047035,227.34151329243355,65.0
connectivity,705,278.4253578732106,227.75051124744377,65.0
connectivity,706,278.71165644171776,228.159509202454,65.0
connectivity,707,278.9979550102249,228.5685071574642,65.0
connectivity,708,279.2842535787321,228.97750511247443,65.0
connectivity,709,279.57055214723925,229.38650306748468,65.0
connectivity,710,279.8568507157464,229.79550102249488,65.0
connectivity,711,280.1431492842536,230.20449897750512,65.0
connectivity,712,280.42944785276075,230.61349693251532,65.0
connectivity,713,280.7157464212679,231.02249488752557,65.0
connectivity,714,281.0020449897751,231.4314928425358,65.0
connectivity,715,281.28834355828224,231.840490797546,65.0
connectivity,716,281.5746421267894,232.24948875255623,65.0
connectivity,717,281.8609406952965,232.65848670756645,65.0
connectivity,718,282.14723926380367,233.0674846625767,65.0
connectivity,719,282.43353783231083,233.4764826175869,65.0
connectivity,720,282.719836400818,233.88548057259715,65.0
connectivity,721,283.00613496932516,234.29447852760734,65.0
connectivity,722,283.2924335378323,234.7034764826176,65.0
connectivity,723,283.5787321063395,235.1124744376278,65.0
connectivity,724,283.8650306748466,235.52147239263803,65.0
connectivity,725,284.15132924335376,235.93047034764828,65.0
connectivity,726,284.4376278118609,236.33946830265847,65.0
connectivity,727,284.7239263803681,236.74846625766872,65.0
connectivity,728,285.01022494887525,237.15746421267892,65.0
connectivity,729,285.2965235173824,237.56646216768917,65.0
connectivity,730,285.5828220858896,237.9754601226994,65.0
connectivity,731,285.86912065439674,238.3844580777096,65.0
connectivity,732,286.1554192229039,238.79345603271983,65.0
connectivity,733,286.44171779141107,239.20245398773005,65.0
connectivity,734,286.72801635991823,239.6114519427403,65.0
connectivity,735,287.01431492842534,240.0204498977505,65.0
connectivity,736,287.3006134969325,240.42944785276075,65.0
connectivity,737,287.58691206543966,240.83844580777094,65.0
connectivity,738,287.8732106339468,241.2474437627812,65.0
connectivity,739,288.159509202454,241.6564417177914,65.0
connectivity,740,288.44580777096115,242.06543967280163,65.0
connectivity,741,288.7321063394683,242.47443762781188,65.0
connectivity,742,289.0184049079754,242.88343558282207,65.0
connectivity,743,289.3047034764826,243.29243353783232,65.0
connectivity,744,289.59100204498975,243.70143149284252,65.0
connectivity,745,289.8773006134969,244.11042944785277,65.0
connectivity,746,290.1635991820041,244.519427402863,65.0
connectivity,747,290.44989775051124,244.9284253578732,65.0
connectivity,748,290.7361963190184,245.33742331288343,65.0
connectivity,749,291.02249488752557,245.74642126789365,65.0
connectivity,750,291.30879345603273,246.1554192229039,65.0
connectivity,751,291.5950920245399,246.5644171779141,65.0
connectivity,752,291.88139059304706,246.97341513292434,65.0
connectivity,753,292.1676891615542,247.38241308793454,65.0
connectivity,754,292.4539877300614,247.7914110429448,65.0
connectivity,755,292.7402862985685,248.200408997955,65.0
connectivity,756,293.02658486707566,248.60940695296523,65.0
connectivity,757,293.3128834355828,249.01840490797548,65.0
connectivity,758,293.59918200409,249.42740286298567,65.0
connectivity,759,293.88548057259715,249.83640081799592,65.0
connectivity,760,294.1717791411043,250.24539877300612,65.0
connectivity,761,294.4580777096115,250.65439672801637,65.0
connectivity,762,294.7443762781186,251.0633946830266,65.0
connectivity,763,295.03067484662574,251.4723926380368,65.0
connectivity,764,295.3169734151329,251.88139059304703,65.0
connectivity,765,295.60327198364007,252.29038854805725,65.0
connectivity,766,295.88957055214723,252.6993865030675,65.0
connectivity,767,296.1758691206544,253.1083844580777,65.0
connectivity,768,296.46216768916156,253.51738241308794,65.0
connectivity,769,296.7484662576687,253.92638036809814,65.0
connectivity,770,297.0347648261759,254.3353783231084,65.0
connectivity,771,297.32106339468305,254.7443762781186,65.0
connectivity,772,297.6073619631902,255.15337423312883,65.0
connectivity,773,297.8936605316973,255.56237218813908,65.0
connectivity,774,298.1799591002045,255.97137014314927,65.0
connectivity,775,298.46625766871165,256.3803680981595,65.0
connectivity,776,298.7525562372188,256.7893660531697,65.0
connectivity,777,299.038854805726,257.19836400817996,65.0
connectivity,778,299.32515337423314,257.6073619631902,65.0
connectivity,779,299.6114519427403,258.0163599182004,65.0
connectivity,780,299.8977505112474,258.4253578732106,65.0
connectivity,781,300.1840490797546,258.83435582822085,65.0
connectivity,782,300.47034764826174,259.2433537832311,65.0
connectivity,783,300.7566462167689,259.6523517382413,65.0
connectivity,784,301.04294478527606,260.06134969325154,65.0
connectivity,785,301.3292433537832,260.47034764826174,65.0
connectivity,786,301.6155419222904,260.879345603272,65.0
connectivity,787,301.90184049079755,261.28834355828224,65.0
connectivity,788,302.1881390593047,261.69734151329243,65.0
connectivity,789,302.4744376278119,262.1063394683026,65.0
connectivity,790,302.76073619631904,262.5153374233129,65.0
connectivity,791,303.0470347648262,262.9243353783231,65.0
connectivity,792,303.3333333333333,263.3333333333333,65.0
connectivity,793,303.6196319018405,263.74233128834356,65.0
connectivity,794,303.90593047034764,264.15132924335376,65.0
connectivity,795,304.1922290388548,264.560327198364,65.0
connectivity,796,304.47852760736197,264.96932515337426,65.0
connectivity,797,304.76482617586913,265.3783231083845,65.0
connectivity,798,305.0511247443763,265.78732106339464,65.0
connectivity,799,305.3374233128834,266.1963190184049,65.0
connectivity,800,305.62372188139057,266.60531697341514,65.0
connectivity,801,305.91002044989773,267.0143149284254,65.0
connectivity,802,306.1963190184049,267.4233128834356,65.0
connectivity,803,306.48261758691206,267.8323108384458,65.0
connectivity,804,306.7689161554192,268.241308793456,65.0
connectivity,805,307.0552147239264,268.6503067484663,65.0
connectivity,806,307.34151329243355,269.05930470347647,65.0
connectivity,807,307.6278118609407,269.4683026584867,65.0
connectivity,808,307.9141104294479,269.8773006134969,65.0
connectivity,809,308.20040899795504,270.28629856850716,65.0
connectivity,810,308.48670756646214,270.6952965235174,65.0
connectivity,811,308.77300613496936,271.1042944785276,65.0
connectivity,812,309.05930470347647,271.5132924335378,65.0
connectivity,813,309.34560327198363,271.92229038854805,65.0
connectivity,814,309.6319018404908,272.3312883435583,65.0
connectivity,815,309.91820040899796,272.7402862985685,65.0
connectivity,816,310.2044989775051,273.14928425357874,65.0
connectivity,817,310.49079754601223,273.55828220858893,65.0
connectivity,818,310.77709611451945,273.9672801635992,65.0
connectivity,819,311.06339468302656,274.37627811860943,65.0
connectivity,820,311.3496932515337,274.7852760736196,65.0
connectivity,821,311.6359918200409,275.1942740286298,65.0
connectivity,822,311.92229038854805,275.60327198364007,65.0
connectivity,823,312.2085889570552,276.0122699386503,65.0
connectivity,824,312.4948875255624,276.4212678936605,65.0
connectivity,825,312.78118609406954,276.83026584867076,65.0
connectivity,826,313.0674846625767,277.23926380368096,65.0
connectivity,827,313.35378323108387,277.6482617586912,65.0
connectivity,828,313.64008179959103,278.05725971370146,65.0
connectivity,829,313.9263803680982,278.4662576687117,65.0
connectivity,830,314.2126789366053,278.87525562372184,65.0
connectivity,831,314.49897750511246,279.2842535787321,65.0
connectivity,832,314.7852760736196,279.69325153374234,65.0
connectivity,833,315.0715746421268,280.10224948875253,65.0
connectivity,834,315.35787321063395,280.5112474437628,65.0
connectivity,835,315.6441717791411,280.920245398773,65.0
connectivity,836,315.9304703476483,281.3292433537832,65.0
connectivity,837,316.2167689161554,281.7382413087935,65.0
connectivity,838,316.50306748466255,282.1472392638037,65.0
connectivity,839,316.7893660531697,282.5562372188139,65.0
connectivity,840,317.0756646216769,282.9652351738241,65.0
connectivity,841,317.36196319018404,283.37423312883436,65.0
connectivity,842,317.6482617586912,283.7832310838446,65.0
connectivity,843,317.93456032719837,284.1922290388548,65.0
connectivity,844,318.22085889570553,284.601226993865,65.0
connectivity,845,318.5071574642127,285.01022494887525,65.0
connectivity,846,318.79345603271986,285.4192229038855,65.0
connectivity,847,319.079754601227,285.82822085889575,65.0
connectivity,848,319.3660531697342,286.23721881390594,65.0
connectivity,849,319.6523517382413,286.64621676891613,65.0
connectivity,850,319.93865030674846,287.0552147239264,65.0
connectivity,851,320.2249488752556,287.46421267893663,65.0
connectivity,852,320.5112474437628,287.8732106339468,65.0
connectivity,853,320.79754601226995,288.282208588957,65.0
connectivity,854,321.0838445807771,288.69120654396727,65.0
connectivity,855,321.3701431492842,289.1002044989775,65.0
connectivity,856,321.6564417177914,289.5092024539877,65.0
connectivity,857,321.94274028629854,289.91820040899796,65.0
connectivity,858,322.2290388548057,290.32719836400815,65.0
connectivity,859,322.5153374233129,290.7361963190184,65.0
connectivity,860,322.80163599182004,291.14519427402865,65.0
connectivity,861,323.0879345603272,291.5541922290389,65.0
connectivity,862,323.37423312883436,291.96319018404904,65.0
connectivity,863,323.6605316973415,292.3721881390593,65.0
connectivity,864,323.9468302658487,292.78118609406954,65.0
connectivity,865,324.23312883435585,293.19018404907973,65.0
connectivity,866,324.519427402863,293.59918200409,65.0
connectivity,867,324.8057259713701,294.0081799591002,65.0
connectivity,868,325.0920245398773,294.4171779141104,65.0
connectivity,869,325.37832310838445,294.8261758691207,65.0
connectivity,870,325.6646216768916,295.2351738241309,65.0
connectivity,871,325.9509202453988,295.64417177914106,65.0
connectivity,872,326.23721881390594,296.0531697341513,65.0
connectivity,873,326.5235173824131,296.46216768916156,65.0
connectivity,874,326.8098159509202,296.8711656441718,65.0
connectivity,875,327.0961145194274,297.280163599182,65.0
connectivity,876,327.38241308793454,297.6891615541922,65.0
connectivity,877,327.6687116564417,298.09815950920245,65.0
connectivity,878,327.95501022494886,298.5071574642127,65.0
connectivity,879,328.241308793456,298.91615541922295,65.0
connectivity,880,328.5276073619632,299.32515337423314,65.0
connectivity,881,328.81390593047036,299.73415132924333,65.0
connectivity,882,329.1002044989775,300.1431492842536,65.0
connectivity,883,329.3865030674847,300.55214723926383,65.0
connectivity,884,329.67280163599185,300.961145194274,65.0
connectivity,885,329.959100204499,301.3701431492842,65.0
connectivity,886,330.2453987730062,301.77914110429447,65.0
connectivity,887,330.5316973415133,302.1881390593047,65.0
connectivity,888,330.81799591002044,302.59713701431497,65.0
connectivity,889,331.1042944785276,303.00613496932516,65.0
connectivity,890,331.39059304703477,303.41513292433535,65.0
connectivity,891,331.67689161554193,303.8241308793456,65.0
connectivity,892,331.96319018404904,304.23312883435585,65.0
connectivity,893,332.24948875255626,304.64212678936605,65.0
connectivity,894,332.53578732106337,305.05112474437624,65.0
connectivity,895,332.82208588957053,305.4601226993865,65.0
connectivity,896,333.1083844580777,305.86912065439674,65.0
connectivity,897,333.39468302658486,306.27811860940693,65.0
connectivity,898,333.680981595092,306.6871165644172,65.0
connectivity,899,333.9672801635992,307.0961145194274,65.0
connectivity,900,334.25357873210635,307.5051124744376,65.0
connectivity,901,334.5398773006135,307.9141104294479,65.0
connectivity,902,334.8261758691207,308.3231083844581,65.0
connectivity,903,335.11247443762784,308.73210633946826,65.0
connectivity,904,335.398773006135,309.1411042944785,65.0
connectivity,905,335.6850715746421,309.55010224948876,65.0
connectivity,906,335.9713701431493,309.959100204499,65.0
connectivity,907,336.25766871165644,310.3680981595092,65.0
connectivity,908,336.5439672801636,310.7770961145194,65.0
connectivity,909,336.83026584867076,311.18609406952964,65.0
connectivity,910,337.1165644171779,311.5950920245399,65.0
connectivity,911,337.4028629856851,312.00408997955014,65.0
connectivity,912,337.6891615541922,312.41308793456034,65.0
connectivity,913,337.97546012269936,312.82208588957053,65.0
connectivity,914,338.2617586912065,313.2310838445808,65.0
connectivity,915,338.5480572597137,313.64008179959103,65.0
connectivity,916,338.83435582822085,314.0490797546012,65.0
connectivity,917,339.120654396728,314.4580777096114,65.0
connectivity,918,339.4069529652352,314.86707566462167,65.0
connectivity,919,339.69325153374234,315.2760736196319,65.0
connectivity,920,339.9795501022495,315.68507157464217,65.0
connectivity,921,340.26584867075667,316.09406952965236,65.0
connectivity,922,340.55214723926383,316.50306748466255,65.0
connectivity,923,340.838445807771,316.9120654396728,65.0
connectivity,924,341.1247443762781,317.32106339468305,65.0
connectivity,925,341.41104294478527,317.73006134969324,65.0
connectivity,926,341.69734151329243,318.13905930470344,65.0
connectivity,927,341.9836400817996,318.5480572597137,65.0
connectivity,928,342.26993865030676,318.95705521472394,65.0
connectivity,929,342.5562372188139,319.3660531697342,65.0
connectivity,930,342.842535787321,319.7750511247444,65.0
connectivity,931,343.1288343558282,320.1840490797546,65.0
connectivity,932,343.41513292433535,320.5930470347648,65.0
connectivity,933,343.7014314928425,321.0020449897751,65.0
connectivity,934,343.9877300613497,321.4110429447853,65.0
connectivity,935,344.27402862985684,321.82004089979546,65.0
connectivity,936,344.560327198364,322.2290388548057,65.0
connectivity,937,344.84662576687117,322.63803680981596,65.0
connectivity,938,345.13292433537833,323.0470347648262,65.0
connectivity,939,345.4192229038855,323.4560327198364,65.0
connectivity,940,345.70552147239266,323.8650306748466,65.0
connectivity,941,345.9918200408998,324.27402862985684,65.0
connectivity,942,346.278118609407,324.6830265848671,65.0
connectivity,943,346.56441717791415,325.09202453987734,65.0
connectivity,944,346.85071574642126,325.50102249488754,65.0
connectivity,945,347.1370143149284,325.91002044989773,65.0
connectivity,946,347.4233128834356,326.319018404908,65.0
connectivity,947,347.7096114519427,326.72801635991823,65.0
connectivity,948,347.9959100204499,327.1370143149284,65.0
connectivity,949,348.282208588957,327.5460122699386,65.0
connectivity,950,348.5685071574642,327.95501022494886,65.0
connectivity,951,348.85480572597135,328.3640081799591,65.0
connectivity,952,349.1411042944785,328.77300613496936,65.0
connectivity,953,349.4274028629857,329.18200408997956,65.0
connectivity,954,349.71370143149284,329.59100204498975,65.0
connectivity,955,350.0,330.0,65.0
