mode,point_index,x_m,y_m,z_m
baseline,0,50.00001649789192,50.00000274586091,65.0
baseline,1,50.00067923089117,50.000621296688166,65.0
baseline,2,50.00514073830496,50.00478537046253,65.0
baseline,3,50.01672289522272,50.01559538407423,65.0
baseline,4,50.038250687616696,50.03568799121651,65.0
baseline,5,50.072077913503186,50.0672600701372,65.0
baseline,6,50.120112884103776,50.11209271139025,65.0
baseline,7,50.18384412500659,50.171575205587324,65.0
baseline,8,50.26436607732745,50.2467290311494,65.0
baseline,9,50.362404798871246,50.33823184205828,65.0
baseline,10,50.47834366529301,50.44644145560819,65.0
baseline,11,50.612249071259285,50.571419840157354,65.0
baseline,12,50.76389613160926,50.71295710287956,65.0
baseline,13,50.93279438251607,50.87059547751568,65.0
baseline,14,51.11821348264801,51.04365331212533,65.0
baseline,15,51.31920891432972,51.231249056838365,65.0
baseline,16,51.534647684703515,51.43232525160647,65.0
baseline,17,51.76323402689054,51.64567251395473,65.0
baseline,18,52.003535101152,51.869953526733205,65.0
baseline,19,52.25400669605049,52.10372702586849,65.0
baseline,20,52.513018929611086,52.34547178811527,65.0
baseline,21,52.778881950482706,52.59361061880793,65.0
baseline,22,53.04987163909925,52.84653433961206,65.0
baseline,23,53.32425530884091,53.10262577627611,65.0
baseline,24,53.60031740719535,53.360283746382876,65.0
baseline,25,53.876385216918955,53.6179470471011,65.0
baseline,26,54.15085455719806,53.87411844293704,65.0
baseline,27,54.33219577412159,54.04337025304687,65.0
baseline,28,54.60075570351197,54.29402619847078,65.0
baseline,29,54.864286640146716,54.53998841711067,65.0
baseline,30,55.121970668366934,54.780493520983754,65.0
baseline,31,55.37314534867429,55.01492323319697,65.0
baseline,32,55.617295150677265,55.242796392029824,65.0
baseline,33,55.85404288603737,55.463760955017165,65.0
baseline,34,56.08314114141544,55.677586003032005,65.0
baseline,35,56.30446371141792,55.88415374436835,65.0
baseline,36,56.51799703154301,56.08345151882396,65.0
baseline,37,56.72383161112705,56.27556380178326,65.0
baseline,38,56.92215346629068,56.4606642083,65.0
baseline,39,57.11323555288518,56.6390074971802,65.0
baseline,40,57.297429199438625,56.81092157506491,65.0
baseline,41,57.47515554010221,56.976799500512996,65.0
baseline,42,57.64689694759649,57.13709148808402,65.0
baseline,43,57.81318846615766,57.29229691242093,65.0
baseline,44,57.974609244483744,57.44295631233302,65.0
baseline,45,58.13177396868091,57.58964339487863,65.0
baseline,46,58.28532429520971,57.732957039447996,65.0
baseline,47,58.435920283831344,57.87351330184606,65.0
baseline,48,58.584231830553854,58.0119374183753,65.0
baseline,49,58.73093010057849,58.14885580991846,65.0
baseline,50,58.87667896124588,58.28488808602149,65.0
baseline,51,59.02212641498231,58.420639048976234,65.0
baseline,52,59.167896032245956,58.55669069790332,65.0
baseline,53,59.31457838447321,58.693594232834926,65.0
baseline,54,59.413146777106995,58.78559140345015,65.0
baseline,55,59.56252510182307,58.92501117948502,65.0
baseline,56,59.714039526592565,59.06642464899318,65.0
baseline,57,59.86796699112302,59.21009028904665,65.0
baseline,58,60.02452828507695,59.35621417000645,65.0
baseline,59,60.183891185799425,59.50495288406839,65.0
baseline,60,60.346173596045524,59.65641647380883,65.0
baseline,61,60.511446681707845,59.81067136073054,65.0
baseline,62,60.67973800954405,59.9677432738085,65.0
baseline,63,60.851034684904306,60.127620178035656,65.0
baseline,64,61.02528648945882,60.290255202968744,65.0
baseline,65,61.20240901892535,60.45556957127413,65.0
baseline,66,61.382286820796715,60.623455527273556,65.0
baseline,67,61.56477653206825,60.793779265489945,65.0
baseline,68,61.74971001696533,60.96638385919327,65.0
baseline,69,61.936897504670945,61.14109218894626,65.0
baseline,70,62.12613072705307,61.31770987115028,65.0
baseline,71,62.31718605639228,61.49602818659108,65.0
baseline,72,62.50982764310918,61.67582700898466,65.0
baseline,73,62.70381055349202,61.85687773352299,65.0
baseline,74,62.89888390742402,62.03894620541987,65.0
baseline,75,63.09479401611104,62.2217956484567,65.0
baseline,76,63.29128751980896,62.405189593528334,65.0
baseline,77,63.48811452555129,62.58889480718881,65.0
baseline,78,63.68503174487661,62.772684220197206,65.0
baseline,79,63.88180563155604,62.95633985606341,65.0
baseline,80,64.07821551932086,63.13965575959394,65.0
baseline,81,64.208851407995,63.26158259453254,65.0
baseline,82,64.40421710333254,63.443923918420246,65.0
baseline,83,64.59876449201032,63.625501489391,65.0
baseline,84,64.79239180713164,63.80622032500357,65.0
baseline,85,64.98501818518453,63.986004952643434,65.0
baseline,86,65.17658249478036,64.16479831634521,65.0
baseline,87,65.36704216539204,64.34256068361522,65.0
baseline,88,65.55637201609261,64.51926855225385,65.0
baseline,89,65.74456308429359,64.69491355717818,65.0
baseline,90,65.93162145448342,64.86950137724432,65.0
baseline,91,66.11756708696588,65.04305064207004,65.0
baseline,92,66.30243264659853,65.21559183885704,65.0
baseline,93,66.48626233153115,65.38716621921361,65.0
baseline,94,66.66911070194406,65.55782470597707,65.0
baseline,95,66.8510415087866,65.72762680003619,65.0
baseline,96,67.03212652251565,65.8966394871537,65.0
baseline,97,67.21244436183392,66.06493614478877,65.0
baseline,98,67.39207932242843,66.23259544891958,65.0
baseline,99,67.57112020570888,66.39970028086553,65.0
baseline,100,67.74965914754621,66.56633663411003,65.0
baseline,101,67.92779044701082,66.73259252112283,65.0
baseline,102,68.10560939511119,66.89855688018248,65.0
baseline,103,68.28321110353217,67.06431848219889,65.0
baseline,104,68.46068933337347,67.22996483753572,65.0
baseline,105,68.63813532388797,67.39558110283288,65.0
baseline,106,68.81563662122039,67.56124898782905,65.0
baseline,107,68.99327590714546,67.72704566218418,65.0
baseline,108,69.11181689176532,67.83768391949539,65.0
baseline,109,69.28984999781267,68.00384815931461,65.0
baseline,110,69.46819112231921,68.17029988304203,65.0
baseline,111,69.64687827710947,68.33707456838225,65.0
baseline,112,69.82594164705901,68.50420038788694,65.0
baseline,113,70.00540402887619,68.67169861848492,65.0
baseline,114,70.1852812698839,68.83958405101158,65.0
baseline,115,70.36558270680149,69.00786539973869,65.0
baseline,116,70.54631160452642,69.176545711904,65.0
baseline,117,70.72746559491618,69.3456227772411,65.0
baseline,118,70.90903711557002,69.51508953750889,65.0
baseline,119,71.09101384861066,69.6849344960215,65.0
baseline,120,71.27337915946632,69.85514212717784,65.0
baseline,121,71.45611253565225,70.02569328599128,65.0
baseline,122,71.63919002555274,70.19656561761951,65.0
baseline,123,71.82258467720274,70.36773396689401,65.0
baseline,124,72.00626697706984,70.5391707878499,65.0
baseline,125,72.19020528883584,70.71084655325556,65.0
baseline,126,72.37436629217878,70.88273016414243,65.0
baseline,127,72.55871542155455,71.05478935933452,65.0
baseline,128,72.74321730497874,71.22699112497827,65.0
baseline,129,72.92783620280854,71.39930210407216,65.0
baseline,130,73.11253644652435,71.57168900599646,65.0
baseline,131,73.29728287751173,71.74411901604284,65.0
baseline,132,73.48204128584314,71.91656020494415,65.0
baseline,133,73.66677884905971,72.08898193840403,65.0
baseline,134,73.85146457095303,72.26135528662672,65.0
baseline,135,73.97454529012545,72.37623062971176,65.0
baseline,136,74.15908319574511,72.54846601607278,65.0
baseline,137,74.34350553188021,72.72059353757669,65.0
baseline,138,74.52779805674733,72.89259990189169,65.0
baseline,139,74.71194946240007,73.06447455493395,65.0
baseline,140,74.89595121024149,73.236209527346,65.0
baseline,141,75.07979736653691,73.40779928097525,65.0
baseline,142,75.26348443792632,73.57924055535219,65.0
baseline,143,75.44701120693698,73.75053221416884,65.0
baseline,144,75.63037856749611,73.92167509175735,65.0
baseline,145,75.81358936044329,74.09267183956808,65.0
baseline,146,75.99664820904313,74.26352677264825,65.0
baseline,147,76.17956135449792,74.4342457161202,65.0
baseline,148,76.36233649146006,74.60483585165989,65.0
baseline,149,76.54498260354474,74.77530556397514,65.0
baseline,150,76.72750979884243,74.94566428728423,65.0
baseline,151,76.90992914543162,75.1159223517941,65.0
baseline,152,77.09225250689113,75.28609083017896,65.0
baseline,153,77.27449237781302,75.45618138405848,65.0
baseline,154,77.45666171931485,75.62620611047632,65.0
baseline,155,77.63877379455245,75.79617738837845,65.0
baseline,156,77.82084200423247,75.96610772509167,65.0
baseline,157,78.00287972212487,76.13600960280183,65.0
baseline,158,78.18490013057561,76.30589532503238,65.0
baseline,159,78.36691605601915,76.47577686312265,65.0
baseline,160,78.54893980449104,76.64566570270641,65.0
baseline,161,78.73098299714052,76.81557269019005,65.0
baseline,162,78.85236128720729,76.9288590993714,65.0
baseline,163,79.03445991180511,77.09881782334251,65.0
baseline,164,79.21660187270237,77.26881699452825,65.0
baseline,165,79.39879250887455,77.43886159597264,65.0
baseline,166,79.58103605936421,77.60895558411559,65.0
baseline,167,79.76333572495041,77.77910194635098,65.0
baseline,168,79.9456937298182,77.94930275858502,65.0
baseline,169,80.12811138322819,78.11955924279427,65.0
baseline,170,80.31058914118601,78.28987182458404,65.0
baseline,171,80.49312666811184,78.46024019074646,65.0
baseline,172,80.6757228985099,78.63066334681878,65.0
baseline,173,80.85837609863798,78.8011396746415,65.0
baseline,174,81.0410839281769,78.97166698991668,65.0
baseline,175,81.2238435019001,79.14224259976602,65.0
baseline,176,81.40665145134312,79.31286336028923,65.0
baseline,177,81.58950398647298,79.48352573412204,65.0
baseline,178,81.77239695735793,79.65422584799462,65.0
baseline,179,81.95532591583671,79.82495955028968,65.0
baseline,180,82.13828617718829,79.9957224686006,65.0
baseline,181,82.32127288180111,80.16651006728985,65.0
baseline,182,82.50428105684287,80.337317705047,65.0
baseline,183,82.68730567792981,80.50814069244701,65.0
baseline,184,82.87034173079643,80.67897434950854,65.0
baseline,185,83.05338427296472,80.8498140632519,65.0
baseline,186,83.23642849541395,81.02065534525752,65.0
baseline,187,83.41946978424998,81.19149388922408,65.0
baseline,188,83.60250378237494,81.3623256285266,65.0
baseline,189,83.72452038804353,81.47620779896323,65.0
baseline,190,83.90753360229732,81.64702013998516,65.0
baseline,191,84.09053056807265,81.81781731575983,65.0
baseline,192,84.27350928367653,81.98859745804037,65.0
baseline,193,84.45646815981019,82.15935908348119,65.0
baseline,194,84.63940599644744,82.33010107205786,65.0
baseline,195,84.82232195971316,82.5008226454868,65.0
baseline,196,85.00521555876153,82.67152334564528,65.0
baseline,197,85.18808662265447,82.84220301299106,65.0
baseline,198,85.37093527724005,83.0128617649824,65.0
baseline,199,85.55376192203089,83.18349997449769,65.0
baseline,200,85.73656720708247,83.35411824825545,65.0
baseline,201,85.91935200987153,83.524717405234,65.0
baseline,202,86.10211741217452,83.69529845509139,65.0
baseline,203,86.28486467694592,83.86586257658519,65.0
baseline,204,86.46759522519659,84.03641109599228,65.0
baseline,205,86.65031061287229,84.20694546552876,65.0
baseline,206,86.83301250773187,84.37746724176961,65.0
baseline,207,87.01570266622579,84.54797806406869,65.0
baseline,208,87.19838291037446,84.71847963297846,65.0
baseline,209,87.38105510464668,84.88897368866985,65.0
baseline,210,87.5637211328379,85.05946198935207,65.0
baseline,211,87.74638287494867,85.22994628969235,65.0
baseline,212,87.92904218406306,85.4004283192359,65.0
baseline,213,88.111700863227,85.57090976082569,65.0
baseline,214,88.29436064232665,85.74139222902217,65.0
baseline,215,88.4770231549668,85.91187724852323,65.0
baseline,216,88.59880043539262,86.02553604872314,65.0
baseline,217,88.78147074058043,86.196028341269,65.0
baseline,218,88.96414713783587,86.36652631974493,65.0
baseline,219,89.14683037765009,86.53703068460935,65.0
baseline,220,89.32952105589546,86.7075419920098,65.0
baseline,221,89.51221962249474,86.87806066187423,65.0
baseline,222,89.69492639008995,87.04858698600188,65.0
baseline,223,89.87764154271139,87.21912113615438,65.0
baseline,224,90.0603651444466,87.38966317214674,65.0
baseline,225,90.2430971481094,87.56021304993854,65.0
baseline,226,90.42583740390869,87.73077062972476,65.0
baseline,227,90.60858566811768,87.90133568402703,65.0
baseline,228,90.79134161174262,88.0719079057845,65.0
baseline,229,90.97410482919197,88.24248691644506,65.0
baseline,230,91.15687484694524,88.41307227405625,65.0
baseline,231,91.33965113222204,88.58366348135633,65.0
baseline,232,91.52243310165106,88.75425999386538,65.0
baseline,233,91.70522012993898,88.92486122797628,65.0
baseline,234,91.88801155853949,89.0954665690458,65.0
baseline,235,92.07080670432231,89.26607537948559,65.0
baseline,236,92.25360486824206,89.43668700685335,65.0
baseline,237,92.43640534400733,89.60730079194367,65.0
baseline,238,92.61920742674963,89.7779160768793,65.0
baseline,239,92.80201042169232,89.94853221320199,65.0
baseline,240,92.98481365281967,90.11914856996371,65.0
baseline,241,93.16761647154576,90.28976454181758,65.0
baseline,242,93.35041826538348,90.46037955710892,65.0
baseline,243,93.47228527610042,90.57412210558435,65.0
baseline,244,93.65508414827576,90.74473439399068,65.0
baseline,245,93.8378807363512,90.91534455057031,65.0
baseline,246,94.02067475894543,91.08595231270075,65.0
baseline,247,94.20346599264838,91.25655747186585,65.0
baseline,248,94.38625426877076,91.42715987062232,65.0
baseline,249,94.56903947009393,91.59775939956604,65.0
baseline,250,94.75182152761961,91.76835599429863,65.0
baseline,251,94.93460041731961,91.93894963239381,65.0
baseline,252,95.11737615688563,92.10954033036379,65.0
baseline,253,95.30014880247887,92.28012814062573,65.0
baseline,254,95.48291844548,92.45071314846821,65.0
baseline,255,95.66568520923859,92.62129546901753,65.0
baseline,256,95.84844924582315,92.79187524420432,65.0
baseline,257,96.03121073277069,92.96245263972982,65.0
baseline,258,96.21396986983657,93.13302784203232,65.0
baseline,259,96.3967268757442,93.30360105525368,65.0
baseline,260,96.57948198493469,93.47417249820563,65.0
baseline,261,96.76223544431676,93.64474240133634,65.0
baseline,262,96.9449875100164,93.81531100369669,65.0
baseline,263,97.12773844412656,93.98587854990683,65.0
baseline,264,97.31048851145704,94.15644528712255,65.0
baseline,265,97.49323797628404,94.32701146200168,65.0
baseline,266,97.67598709910004,94.49757731767055,65.0
baseline,267,97.85873613336358,94.6681430906904,65.0
baseline,268,98.04148532224882,94.83870900802388,65.0
baseline,269,98.22423489539545,95.00927528400133,65.0
baseline,270,98.34606826354077,95.12298643274184,65.0
baseline,271,98.52881893210608,95.29355373111011,65.0
baseline,272,98.71157045704874,95.46412182876394,65.0
baseline,273,98.89432294386695,95.63469082416832,65.0
baseline,274,99.07707647632384,95.80526079550216,65.0
baseline,275,99.25983111766602,95.97583180179569,65.0
baseline,276,99.44258691184226,96.14640388406771,65.0
baseline,277,99.62534388472201,96.31697706646307,65.0
baseline,278,99.80810204531424,96.48755135739007,65.0
baseline,279,99.9908613869857,96.65812675065781,65.0
baseline,280,100.17362188867993,96.82870322661347,65.0
baseline,281,100.35638351613557,96.99928075327982,65.0
baseline,282,100.53914622310515,97.1698592874926,65.0
baseline,283,100.72190995257368,97.34043877603774,65.0
baseline,284,100.9046746379772,97.51101915678896,65.0
baseline,285,101.08744020442147,97.68160035984486,65.0
baseline,286,101.27020656990058,97.85218230866667,65.0
baseline,287,101.45297364651552,98.0227649212153,65.0
baseline,288,101.63574134169286,98.19334811108885,65.0
baseline,289,101.81850955940335,98.36393178866,65.0
baseline,290,102.00127820138046,98.53451586221338,65.0
baseline,291,102.18404716833915,98.7051002390829,65.0
baseline,292,102.36681636119434,98.87568482678918,65.0
baseline,293,102.54958568227961,99.04626953417687,65.0
baseline,294,102.73235503656589,99.21685427255215,65.0
baseline,295,102.91512433287986,99.38743895681995,65.0
baseline,296,103.09789348512274,99.5580235066214,65.0
baseline,297,103.21973946687254,99.67174642805993,65.0
baseline,298,103.40250820841025,99.84233059453653,65.0
baseline,299,103.58527662886655,100.01291446133713,65.0
baseline,300,103.76804468868698,100.18349799154424,65.0
baseline,301,103.95081235646624,100.35408115584627,65.0
baseline,302,104.13357960849136,100.52466393211104,65.0
baseline,303,104.31634642828458,100.69524630495937,65.0
baseline,304,104.49911280614663,100.8658282653386,65.0
baseline,305,104.68187873869987,101.03640981009623,65.0
baseline,306,104.86464422843126,101.20699094155347,65.0
baseline,307,105.0474092832355,101.37757166707867,65.0
baseline,308,105.23017391595818,101.54815199866108,65.0
baseline,309,105.41293814393889,101.71873195248428,65.0
baseline,310,105.59570198855421,101.88931154849979,65.0
baseline,311,105.77846547476098,102.05989081000064,65.0
baseline,312,105.96122863063931,102.23046976319488,65.0
baseline,313,106.14399148693562,102.40104843677929,65.0
baseline,314,106.3267540766059,102.57162686151268,65.0
baseline,315,106.50951643435866,102.74220506978972,65.0
baseline,316,106.69227859619816,102.91278309521441,65.0
baseline,317,106.87504059896744,103.08336097217352,65.0
baseline,318,107.05780247989145,103.25393873541037,65.0
baseline,319,107.24056427612012,103.42451641959823,65.0
baseline,320,107.42332602427146,103.59509405891394,65.0
baseline,321,107.6060877599748,103.7656716866115,65.0
baseline,322,107.78884951741368,103.93624933459557,65.0
baseline,323,107.97161132886912,104.10682703299508,65.0
baseline,324,108.09345258140219,104.22054554049782,65.0
baseline,325,108.27621454684324,104.39112338261727,65.0
baseline,326,108.4589766326673,104.56170133709416,65.0
baseline,327,108.6417388537045,104.73227941777003,65.0
baseline,328,108.82450122172962,104.90285763563462,65.0
baseline,329,109.00726374563341,105.07343599898596,65.0
baseline,330,109.19002643159382,105.24401451359014,65.0
baseline,331,109.37278928324741,105.41459318284132,65.0
baseline,332,109.55555230186054,105.58517200792141,65.0
baseline,333,109.73831548650082,105.75575098796017,65.0
baseline,334,109.92107883420826,105.92633012019496,65.0
baseline,335,110.10384234016668,106.09690940013067,65.0
baseline,336,110.28660599787493,106.26748882169956,65.0
baseline,337,110.4693697993183,106.43806837742125,65.0
baseline,338,110.65213373513973,106.60864805856247,65.0
baseline,339,110.83489779481114,106.77922785529698,65.0
baseline,340,111.01766196680482,106.94980775686561,65.0
baseline,341,111.20042623876454,107.1203877517359,65.0
baseline,342,111.38319059767706,107.29096782776213,65.0
baseline,343,111.5659550300433,107.46154797234519,65.0
baseline,344,111.74871952204971,107.63212817259239,65.0
baseline,345,111.93148405973955,107.80270841547745,65.0
baseline,346,112.1142486291842,107.97328868800037,65.0
baseline,347,112.29701321665448,108.14386897734718,65.0
baseline,348,112.47977780879188,108.31444927105,65.0
baseline,349,112.66254239277997,108.48502955714679,65.0
baseline,350,112.84530695651567,108.65560982434133,65.0
baseline,351,112.96714998217321,108.76932998676031,65.0
baseline,352,113.14991448817509,108.93991020006996,65.0
baseline,353,113.33267894904178,109.11049037125342,65.0
baseline,354,113.51544335921305,109.28107049512116,65.0
baseline,355,113.69820771427415,109.45165056755273,65.0
baseline,356,113.88097201089168,109.62223058543698,65.0
baseline,357,114.06373624674936,109.79281054661203,65.0
baseline,358,114.24650042048371,109.9633904498053,65.0
baseline,359,114.42926453161994,110.13397029457367,65.0
baseline,360,114.61202858050764,110.30455008124342,65.0
baseline,361,114.79479256825661,110.47512981085032,65.0
baseline,362,114.97755649667258,110.64570948507976,65.0
baseline,363,115.160320368193,110.81628910620665,65.0
baseline,364,115.34308418582282,110.9868686770357,65.0
baseline,365,115.52584795307031,111.1574482008412,65.0
baseline,366,115.70861167388274,111.32802768130733,65.0
baseline,367,115.89137535258219,111.49860712246803,65.0
baseline,368,116.0741389938014,111.66918652864713,65.0
baseline,369,116.25690260241942,111.83976590439849,65.0
baseline,370,116.43966618349744,112.01034525444582,65.0
baseline,371,116.62242974221458,112.18092458362301,65.0
baseline,372,116.80519328380363,112.35150389681397,65.0
baseline,373,116.98795681348686,112.52208319889283,65.0
baseline,374,117.17072033641175,112.6926624946639,65.0
baseline,375,117.3534838575868,112.8632417888018,65.0
baseline,376,117.53624738181725,113.0338210857914,65.0
baseline,377,117.71901091364094,113.20440038986806,65.0
baseline,378,117.84085327450124,113.31811993180955,65.0
baseline,379,118.02361682797105,113.48869925608923,65.0
baseline,380,118.20638039836342,113.65927859616328,65.0
baseline,381,118.38914398776299,113.8298579539774,65.0
baseline,382,118.57190759782502,114.00043733107648,65.0
baseline,383,118.75467122979926,114.17101672862698,65.0
baseline,384,118.93743488455421,114.34159614743945,65.0
baseline,385,119.12019856260105,114.51217558799101,65.0
baseline,386,119.30296226411778,114.68275505044781,65.0
baseline,387,119.48572598897334,114.85333453468752,65.0
baseline,388,119.66848973675165,115.02391404032181,65.0
baseline,389,119.85125350677565,115.19449356671876,65.0
baseline,390,120.03401729813149,115.36507311302542,65.0
baseline,391,120.21678110969255,115.53565267819026,65.0
baseline,392,120.39954494014343,115.7062322609856,65.0
baseline,393,120.58230878800423,115.87681186003017,65.0
baseline,394,120.76507265165438,116.04739147381157,65.0
baseline,395,120.94783652935703,116.21797110070857,65.0
baseline,396,121.13060041928284,116.38855073901384,65.0
baseline,397,121.31336431953422,116.55913038695633,65.0
baseline,398,121.49612822816934,116.72971004272365,65.0
baseline,399,121.67889214322629,116.90028970448468,65.0
baseline,400,121.86165606274713,117.070869370412,65.0
baseline,401,122.04441998480185,117.24144903870426,65.0
baseline,402,122.22718390751263,117.41202870760884,65.0
baseline,403,122.40994782907786,117.58260837544425,65.0
baseline,404,122.59271174779616,117.75318804062252,65.0
baseline,405,122.71455435790875,117.86690781519957,65.0
baseline,406,122.89731826851127,118.03748747280311,65.0
baseline,407,123.08008217276902,118.20806712448488,65.0
baseline,408,123.26284606990038,118.37864676951536,65.0
baseline,409,123.4456099592848,118.54922640731533,65.0
baseline,410,123.62837384045366,118.71980603744746,65.0
baseline,411,123.81113771308135,118.89038565960784,65.0
baseline,412,123.99390157697621,119.06096527361758,65.0
baseline,413,124.17666543207152,119.23154487941441,65.0
baseline,414,124.35942927841641,119.40212447704417,65.0
baseline,415,124.54219311616687,119.57270406665246,65.0
baseline,416,124.72495694557674,119.74328364847622,65.0
baseline,417,124.90772076698869,119.91386322283522,65.0
baseline,418,125.0904845808251,120.08444279012373,65.0
baseline,419,125.27324838757914,120.25502235080202,65.0
baseline,420,125.4560121878057,120.425601905388,65.0
baseline,421,125.63877598211234,120.59618145444874,65.0
baseline,422,125.82153977115028,120.76676099859202,65.0
baseline,423,126.0043035556054,120.93734053845799,65.0
baseline,424,126.18706733618917,121.1079200747107,65.0
baseline,425,126.36983111362962,121.27849960802963,65.0
baseline,426,126.5525948886623,121.44907913910136,65.0
baseline,427,126.73535866202138,121.61965866861101,65.0
baseline,428,126.91812243443042,121.790238197234,65.0
baseline,429,127.10088620659347,121.96081772562736,65.0
baseline,430,127.28364997918602,122.13139725442161,65.0
baseline,431,127.466413752846,122.30197678421212,65.0
baseline,432,127.58825626950647,122.41569647156712,65.0
baseline,433,127.77102004620929,122.5862760041976,65.0
baseline,434,127.95378382529094,122.75685553904833,65.0
baseline,435,128.1365476070445,122.92743507639283,65.0
baseline,436,128.31931139170257,123.09801461644825,65.0
baseline,437,128.50207517944096,123.26859415937861,65.0
baseline,438,128.68483897038163,123.4391737052978,65.0
baseline,439,128.86760276459654,123.60975325427287,65.0
baseline,440,129.05036656211067,123.78033280632725,65.0
baseline,441,129.23313036290554,123.9509123614437,65.0
baseline,442,129.41589416692278,124.12149191956763,65.0
baseline,443,129.59865797406712,124.29207148061022,65.0
baseline,444,129.78142178421015,124.46265104445156,65.0
baseline,445,129.96418559719345,124.63323061094384,65.0
baseline,446,130.14694941283216,124.8038101799145,65.0
baseline,447,130.3297132309182,124.97438975116935,65.0
baseline,448,130.5124770512238,125.14496932449578,65.0
baseline,449,130.69524087350482,125.31554889966588,65.0
baseline,450,130.878004697504,125.4861284764397,65.0
baseline,451,131.06076852295476,125.65670805456824,65.0
baseline,452,131.243532349584,125.82728763379673,65.0
baseline,453,131.42629617711594,125.99786721386779,65.0
baseline,454,131.60906000527544,126.16844679452447,65.0
baseline,455,131.7918238337911,126.33902637551361,65.0
baseline,456,131.974587662399,126.50960595658883,65.0
baseline,457,132.15735149084585,126.6801855375138,65.0
baseline,458,132.34011531889254,126.8507651180652,65.0
baseline,459,132.461957870591,126.96448483812236,65.0
baseline,460,132.6447216974968,127.13506441760896,65.0
baseline,461,132.82748552351072,127.30564399626314,65.0
baseline,462,133.01024934852282,127.47622357398232,65.0
baseline,463,133.19301317244594,127.64680315068512,65.0
baseline,464,133.37577699521418,127.81738272631,65.0
baseline,465,133.5585408167818,127.98796230081429,65.0
baseline,466,133.7413046371218,128.15854187417284,65.0
baseline,467,133.9240684562248,128.32912144637683,65.0
baseline,468,134.10683227409777,128.49970101743278,65.0
baseline,469,134.2895960907626,128.67028058736116,65.0
baseline,470,134.47235990625495,128.84086015619522,65.0
baseline,471,134.655123720623,129.01143972397992,65.0
baseline,472,134.83788753392616,129.18201929077077,65.0
baseline,473,135.02065134623376,129.35259885663237,65.0
baseline,474,135.20341515762374,129.52317842163757,65.0
baseline,475,135.38617896818158,129.69375798586609,65.0
baseline,476,135.56894277799873,129.8643375494033,65.0
baseline,477,135.7517065871717,130.03491711233923,65.0
baseline,478,135.93447039580045,130.20549667476732,65.0
baseline,479,136.11723420398732,130.3760762367829,65.0
baseline,480,136.29999801183578,130.54665579848265,65.0
baseline,481,136.48276181944894,130.7172353599628,65.0
baseline,482,136.66552562692857,130.88781492131832,65.0
baseline,483,136.84828943437356,131.05839448264152,65.0
baseline,484,137.03105324187896,131.22897404402113,65.0
baseline,485,137.21381704953444,131.39955360554072,65.0
baseline,486,137.33565958809612,131.5132733133369,65.0
baseline,487,137.51842339617932,131.68385287525575,65.0
baseline,488,137.70118720459692,131.8544324374867,65.0
baseline,489,137.88395101339012,132.02501200006824,65.0
baseline,490,138.06671482259162,132.19559156303083,65.0
baseline,491,138.24947863222613,132.36617112639755,65.0
baseline,492,138.43224244231075,132.53675069018442,65.0
baseline,493,138.6150062528557,132.7073302544009,65.0
baseline,494,138.7977700638644,132.87790981905016,65.0
baseline,495,138.98053387533426,133.04848938412994,65.0
baseline,496,139.16329768725709,133.2190689496325,65.0
baseline,497,139.34606149961957,133.3896485155453,65.0
baseline,498,139.5288253124035,133.56022808185156,65.0
baseline,499,139.71158912558676,133.7308076485304,65.0
baseline,500,139.89435293914326,133.90138721555766,65.0
baseline,501,140.0771167530438,134.07196678290606,65.0
baseline,502,140.25988056725635,134.2425463505456,65.0
baseline,503,140.4426443817466,134.41312591844436,65.0
baseline,504,140.6254081964784,134.58370548656853,65.0
baseline,505,140.80817201141417,134.75428505488316,65.0
baseline,506,140.99093582651568,134.92486462335245,65.0
baseline,507,141.173699641744,135.09544419194012,65.0
baseline,508,141.3564634570606,135.26602376061012,65.0
baseline,509,141.53922727242724,135.43660332932686,65.0
baseline,510,141.7219910878069,135.6071828980557,65.0
baseline,511,141.90475490316385,135.77776246676342,65.0
baseline,512,142.08751871846462,135.94834203541865,65.0
baseline,513,142.20936126195167,136.0620617478118,65.0
baseline,514,142.39212507709203,136.23264131631734,65.0
baseline,515,142.574888892107,136.4032208847058,65.0
baseline,516,142.75765270698113,136.57380045296293,65.0
baseline,517,142.94041652170222,136.74438002107715,65.0
baseline,518,143.123180336261,136.91495958903977,65.0
baseline,519,143.3059441506509,137.08553915684496,65.0
baseline,520,143.4887079648683,137.25611872448903,65.0
baseline,521,143.67147177891178,137.42669829197087,65.0
baseline,522,143.85423559278237,137.59727785929127,65.0
baseline,523,144.03699940648312,137.76785742645316,65.0
baseline,524,144.21976322001908,137.93843699346124,65.0
baseline,525,144.40252703339698,138.10901656032183,65.0
baseline,526,144.58529084662518,138.27959612704268,65.0
baseline,527,144.7680546597134,138.4501756936329,65.0
baseline,528,144.95081847267267,138.62075526010273,65.0
baseline,529,145.13358228551496,138.79133482646338,65.0
baseline,530,145.31634609825312,138.96191439272692,65.0
baseline,531,145.4991099109007,139.13249395890585,65.0
baseline,532,145.68187372347185,139.30307352501345,65.0
baseline,533,145.86463753598082,139.473653091063,65.0
baseline,534,146.04740134844224,139.6442326570682,65.0
baseline,535,146.23016516087057,139.81481222304254,65.0
baseline,536,146.41292897328015,139.98539178899932,65.0
baseline,537,146.59569278568486,140.15597135495156,65.0
baseline,538,146.77845659809805,140.32655092091173,65.0
baseline,539,146.96122041053235,140.4971304868916,65.0
baseline,540,147.0830629521727,140.61085019756123,65.0
baseline,541,147.2658267646671,140.7814297635972,65.0
baseline,542,147.44859057720853,140.9520093296771,65.0
baseline,543,147.63135438980277,141.12258889580622,65.0
baseline,544,147.81411820245438,141.29316846198893,65.0
baseline,545,147.99688201516685,141.46374802822842,65.0
baseline,546,148.17964582794264,141.63432759452704,65.0
baseline,547,148.36240964078314,141.80490716088602,65.0
baseline,548,148.5451734536888,141.97548672730582,65.0
baseline,549,148.72793726665924,142.14606629378616,65.0
baseline,550,148.9107010796934,142.31664586032593,65.0
baseline,551,149.0934648927894,142.48722542692332,65.0
baseline,552,149.2762287059446,142.65780499357606,65.0
baseline,553,149.45899251915594,142.8283845602812,65.0
baseline,554,149.64175633241973,142.9989641270353,65.0
baseline,555,149.82452014573192,143.1695436938345,65.0
baseline,556,150.00728395908794,143.34012326067466,65.0
baseline,557,150.190047772483,143.51070282755126,65.0
baseline,558,150.37281158591205,143.68128239445957,65.0
baseline,559,150.55557539936976,143.8518619613946,65.0
baseline,560,150.73833921285078,144.0224415283514,65.0
baseline,561,150.92110302634958,144.19302109532484,65.0
baseline,562,151.10386683986084,144.3636006623099,65.0
baseline,563,151.2866306533791,144.53418022930146,65.0
baseline,564,151.4693944668992,144.70475979629475,65.0
baseline,565,151.65215828041607,144.87533936328504,65.0
baseline,566,151.8349220939251,145.04591893026802,65.0
baseline,567,151.9567646362579,145.15963864158385,65.0
baseline,568,152.13952844974438,145.33021820854574,65.0
baseline,569,152.32229226321323,145.5007977754912,65.0
baseline,570,152.50505607666224,145.67137734241817,65.0
baseline,571,152.68781989008977,145.84195690932503,65.0
baseline,572,152.87058370349448,146.01253647621067,65.0
baseline,573,153.05334751687542,146.18311604307405,65.0
baseline,574,153.23611133023212,146.35369560991487,65.0
baseline,575,153.4188751435644,146.52427517673286,65.0
baseline,576,153.60163895687236,146.69485474352817,65.0
baseline,577,153.78440277015645,146.86543431030117,65.0
baseline,578,153.9671665834174,147.03601387705257,65.0
baseline,579,154.14993039665606,147.20659344378322,65.0
baseline,580,154.33269420987375,147.37717301049426,65.0
baseline,581,154.51545802307174,147.5477525771869,65.0
baseline,582,154.6982218362516,147.71833214386265,65.0
baseline,583,154.880985649415,147.888911710523,65.0
baseline,584,155.06374946256378,148.05949127716974,65.0
baseline,585,155.2465132756998,148.23007084380458,65.0
baseline,586,155.42927708882513,148.40065041042936,65.0
baseline,587,155.6120409019417,148.57122997704604,65.0
baseline,588,155.79480471505155,148.74180954365647,65.0
baseline,589,155.97756852815678,148.91238911026252,65.0
baseline,590,156.1603323412594,149.08296867686613,65.0
baseline,591,156.3430961543613,149.2535482434691,65.0
baseline,592,156.52585996746438,149.4241278100732,65.0
baseline,593,156.70862378057043,149.59470737668008,65.0
baseline,594,156.8304663226436,149.7084270877536,65.0
baseline,595,157.0132301357581,149.87900665436834,65.0
baseline,596,157.19599394887922,150.04958622098923,65.0
baseline,597,157.37875776200778,150.22016578761708,65.0
baseline,598,157.56152157514435,150.3907453542525,65.0
baseline,599,157.74428538828954,150.5613249208958,65.0
baseline,600,157.92704920144362,150.73190448754744,65.0
baseline,601,158.10981301460671,150.90248405420758,65.0
baseline,602,158.29257682777907,151.07306362087633,65.0
baseline,603,158.47534064096052,151.24364318755352,65.0
baseline,604,158.6581044541509,151.41422275423906,65.0
baseline,605,158.84086826735,151.58480232093274,65.0
baseline,606,159.02363208055738,151.7553818876342,65.0
baseline,607,159.20639589377268,151.92596145434297,65.0
baseline,608,159.38915970699534,152.0965410210587,65.0
baseline,609,159.5719235202248,152.26712058778074,65.0
baseline,610,159.75468733346042,152.4377001545085,65.0
baseline,611,159.93745114670156,152.60827972124144,65.0
baseline,612,160.1202149599475,152.77885928797875,65.0
baseline,613,160.30297877319737,152.94943885471992,65.0
baseline,614,160.48574258645056,153.1200184214641,65.0
baseline,615,160.66850639970625,153.2905979882106,65.0
baseline,616,160.85127021296373,153.46117755495877,65.0
baseline,617,161.03403402622217,153.63175712170786,65.0
baseline,618,161.21679783948085,153.80233668845713,65.0
baseline,619,161.39956165273912,153.9729162552061,65.0
baseline,620,161.5823254659962,154.1434958219539,65.0
baseline,621,161.7041680081667,154.25721553311828,65.0
baseline,622,161.8869318214207,154.42779509986318,65.0
baseline,623,162.06969563467217,154.59837466660576,65.0
baseline,624,162.25245944792087,154.76895423334577,65.0
baseline,625,162.43522326116656,154.93953380008293,65.0
baseline,626,162.61798707440903,155.1101133668171,65.0
baseline,627,162.80075088764818,155.28069293354815,65.0
baseline,628,162.9835147008839,155.45127250027605,65.0
baseline,629,163.16627851411616,155.6218520670007,65.0
baseline,630,163.34904232734507,155.79243163372217,65.0
baseline,631,163.53180614057058,155.96301120044058,65.0
baseline,632,163.71456995379282,156.1335907671559,65.0
baseline,633,163.89733376701196,156.30417033386826,65.0
baseline,634,164.08009758022814,156.4747499005779,65.0
baseline,635,164.26286139344157,156.64532946728494,65.0
baseline,636,164.44562520665244,156.8159090339896,65.0
baseline,637,164.62838901986098,156.98648860069213,65.0
baseline,638,164.8111528330675,157.1570681673927,65.0
baseline,639,164.9939166462722,157.3276477340917,65.0
baseline,640,165.1766804594754,157.49822730078918,65.0
baseline,641,165.35944427267734,157.66880686748556,65.0
baseline,642,165.54220808587837,157.83938643418105,65.0
baseline,643,165.72497189907875,158.00996600087592,65.0
baseline,644,165.9077357122788,158.18054556757042,65.0
baseline,645,166.09049952547866,158.35112513426492,65.0
baseline,646,166.27326333867873,158.52170470095953,65.0
baseline,647,166.45602715187923,158.6922842676545,65.0
baseline,648,166.57786969401323,158.80600397878482,65.0
baseline,649,166.76063350721492,158.97658354548093,65.0
baseline,650,166.94339732041752,159.14716311217788,65.0
baseline,651,167.12616113362117,159.31774267887582,65.0
baseline,652,167.30892494682595,159.4883222455748,65.0
baseline,653,167.49168876003193,159.65890181227496,65.0
baseline,654,167.6744525732392,159.82948137897625,65.0
baseline,655,167.85721638644773,160.00006094567874,65.0
baseline,656,168.03998019965752,160.17064051238242,65.0
baseline,657,168.2227440128686,160.3412200790873,65.0
baseline,658,168.40550782608096,160.51179964579333,65.0
baseline,659,168.58827163929448,160.68237921250054,65.0
baseline,660,168.77103545250924,160.85295877920882,65.0
baseline,661,168.95379926572508,161.02353834591815,65.0
baseline,662,169.13656307894198,161.19411791262846,65.0
baseline,663,169.3193268921598,161.36469747933964,65.0
baseline,664,169.50209070537852,161.53527704605162,65.0
baseline,665,169.68485451859803,161.70585661276436,65.0
baseline,666,169.86761833181816,161.87643617947765,65.0
baseline,667,170.05038214503887,162.04701574619156,65.0
baseline,668,170.23314595826005,162.21759531290584,65.0
baseline,669,170.41590977148158,162.38817487962044,65.0
baseline,670,170.59867358470333,162.55875444633534,65.0
baseline,671,170.78143739792523,162.72933401305028,65.0
baseline,672,170.96420121114718,162.89991357976533,65.0
baseline,673,171.14696502436908,163.07049314648026,65.0
baseline,674,171.3297288375908,163.24107271319508,65.0
baseline,675,171.4515713797385,163.35479242433817,65.0
baseline,676,171.6343351929598,163.52537199105257,65.0
baseline,677,171.8170990061807,163.69595155776668,65.0
baseline,678,171.99986281940127,163.86653112448036,65.0
baseline,679,172.1826266326214,164.03711069119365,65.0
baseline,680,172.36539044584106,164.20769025790653,65.0
baseline,681,172.54815425906028,164.37826982461903,65.0
baseline,682,172.730918072279,164.548849391331,65.0
baseline,683,172.91368188549723,164.71942895804256,65.0
baseline,684,173.09644569871497,164.89000852475365,65.0
baseline,685,173.27920951193227,165.06058809146435,65.0
baseline,686,173.46197332514907,165.23116765817454,65.0
baseline,687,173.64473713836546,165.4017472248844,65.0
baseline,688,173.82750095158144,165.57232679159384,65.0
baseline,689,174.01026476479703,165.74290635830292,65.0
baseline,690,174.19302857801222,165.91348592501166,65.0
baseline,691,174.37579239122712,166.08406549172008,65.0
baseline,692,174.55855620444174,166.25464505842828,65.0
baseline,693,174.7413200176561,166.4252246251362,65.0
baseline,694,174.92408383087025,166.59580419184394,65.0
baseline,695,175.10684764408427,166.76638375855154,65.0
baseline,696,175.28961145729807,166.93696332525897,65.0
baseline,697,175.47237527051183,167.10754289196632,65.0
baseline,698,175.65513908372552,167.27812245867364,65.0
baseline,699,175.83790289693923,167.44870202538095,65.0
baseline,700,176.02066671015294,167.61928159208827,65.0
baseline,701,176.20343052336673,167.78986115879565,65.0
baseline,702,176.32527306550926,167.903580869934,65.0
baseline,703,176.5080368787232,168.07416043664153,65.0
baseline,704,176.69080069193728,168.2447400033492,65.0
baseline,705,176.87356450515148,168.41531957005697,65.0
baseline,706,177.05632831836584,168.5858991367649,65.0
baseline,707,177.2390921315804,168.75647870347305,65.0
baseline,708,177.42185594479508,168.92705827018128,65.0
baseline,709,177.60461975801,169.09763783688976,65.0
baseline,710,177.78738357122506,169.26821740359836,65.0
baseline,711,177.97014738444034,169.4387969703071,65.0
baseline,712,178.15291119765575,169.60937653701606,65.0
baseline,713,178.3356750108714,169.77995610372514,65.0
baseline,714,178.51843882408716,169.95053567043442,65.0
baseline,715,178.70120263730308,170.1211152371438,65.0
baseline,716,178.88396645051913,170.2916948038533,65.0
baseline,717,179.0667302637353,170.462274370563,65.0
baseline,718,179.24949407695166,170.63285393727276,65.0
baseline,719,179.4322578901681,170.8034335039826,65.0
baseline,720,179.61502170338466,170.9740130706926,65.0
baseline,721,179.7977855166013,171.14459263740264,65.0
baseline,722,179.9805493298179,171.3151722041127,65.0
baseline,723,180.16331314303466,171.48575177082287,65.0
baseline,724,180.3460769562514,171.65633133753306,65.0
baseline,725,180.52884076946822,171.82691090424322,65.0
baseline,726,180.71160458268497,171.99749047095344,65.0
baseline,727,180.8943683959017,172.1680700376636,65.0
baseline,728,181.0771322091185,172.33864960437378,65.0
baseline,729,181.19897475126297,172.45236931551386,65.0
baseline,730,181.38173856447966,172.62294888222397,65.0
baseline,731,181.5645023776963,172.79352844893404,65.0
baseline,732,181.74726619091288,172.96410801564406,65.0
baseline,733,181.9300300041294,173.134687582354,65.0
baseline,734,182.11279381734587,173.30526714906392,65.0
baseline,735,182.2955576305623,173.47584671577374,65.0
baseline,736,182.4783214437786,173.64642628248353,65.0
baseline,737,182.66108525699485,173.81700584919324,65.0
baseline,738,182.84384907021106,173.98758541590288,65.0
baseline,739,183.0266128834272,174.15816498261248,65.0
baseline,740,183.20937669664326,174.328744549322,65.0
baseline,741,183.39214050985925,174.4993241160314,65.0
baseline,742,183.5749043230752,174.66990368274082,65.0
baseline,743,183.75766813629107,174.84048324945022,65.0
baseline,744,183.94043194950692,175.01106281615955,65.0
baseline,745,184.12319576272273,175.1816423828688,65.0
baseline,746,184.30595957593846,175.35222194957802,65.0
baseline,747,184.48872338915416,175.52280151628725,65.0
baseline,748,184.67148720236983,175.69338108299644,65.0
baseline,749,184.85425101558553,175.86396064970558,65.0
baseline,750,185.03701482880118,176.03454021641468,65.0
baseline,751,185.2197786420168,176.20511978312382,65.0
baseline,752,185.4025424552324,176.37569934983293,65.0
baseline,753,185.58530626844802,176.54627891654206,65.0
baseline,754,185.76807008166364,176.71685848325117,65.0
baseline,755,185.9508338948793,176.88743804996028,65.0
baseline,756,186.07267643702306,177.0011577610997,65.0
baseline,757,186.2554402502387,177.17173732780884,65.0
baseline,758,186.43820406345438,177.342316894518,65.0
baseline,759,186.62096787667005,177.51289646122717,65.0
baseline,760,186.8037316898858,177.6834760279364,65.0
baseline,761,186.98649550310157,177.85405559464562,65.0
baseline,762,187.16925931631732,178.02463516135487,65.0
baseline,763,187.3520231295331,178.19521472806414,65.0
baseline,764,187.53478694274892,178.36579429477342,65.0
baseline,765,187.71755075596474,178.53637386148273,65.0
baseline,766,187.90031456918067,178.70695342819212,65.0
baseline,767,188.0830783823965,178.87753299490146,65.0
baseline,768,188.26584219561244,179.04811256161085,65.0
baseline,769,188.4486060088284,179.21869212832024,65.0
baseline,770,188.63136982204432,179.3892716950297,65.0
baseline,771,188.8141336352603,179.5598512617391,65.0
baseline,772,188.9968974484763,179.7304308284486,65.0
baseline,773,189.17966126169236,179.90101039515804,65.0
baseline,774,189.36242507490832,180.07158996186755,65.0
baseline,775,189.5451888881244,180.24216952857708,65.0
baseline,776,189.7279527013404,180.41274909528659,65.0
baseline,777,189.91071651455644,180.58332866199606,65.0
baseline,778,190.09348032777254,180.7539082287056,65.0
baseline,779,190.27624414098855,180.9244877954151,65.0
baseline,780,190.45900795420465,181.09506736212464,65.0
baseline,781,190.6417717674207,181.26564692883414,65.0
baseline,782,190.82453558063676,181.43622649554368,65.0
baseline,783,190.94637812278074,181.54994620668336,65.0
baseline,784,191.12914193599678,181.72052577339286,65.0
baseline,785,191.31190574921283,181.89110534010237,65.0
baseline,786,191.49466956242887,182.06168490681188,65.0
baseline,787,191.67743337564488,182.23226447352135,65.0
baseline,788,191.86019718886087,182.40284404023083,65.0
baseline,789,192.04296100207688,182.57342360694028,65.0
baseline,790,192.2257248152929,182.74400317364976,65.0
baseline,791,192.40848862850888,182.9145827403592,65.0
baseline,792,192.59125244172486,183.08516230706866,65.0
baseline,793,192.77401625494082,183.2557418737781,65.0
baseline,794,192.95678006815675,183.42632144048753,65.0
baseline,795,193.13954388137267,183.59690100719692,65.0
baseline,796,193.32230769458866,183.76748057390634,65.0
baseline,797,193.50507150780456,183.93806014061573,65.0
baseline,798,193.68783532102051,184.10863970732512,65.0
baseline,799,193.87059913423641,184.27921927403455,65.0
baseline,800,194.05336294745234,184.4497988407439,65.0
baseline,801,194.23612676066824,184.62037840745327,65.0
baseline,802,194.41889057388417,184.79095797416264,65.0
baseline,803,194.60165438710004,184.961537540872,65.0
baseline,804,194.7844182003159,185.13211710758142,65.0
baseline,805,194.96718201353184,185.3026966742908,65.0
baseline,806,195.1499458267477,185.47327624100012,65.0
baseline,807,195.33270963996358,185.64385580770949,65.0
baseline,808,195.51547345317948,185.81443537441888,65.0
baseline,809,195.69823726639538,185.9850149411282,65.0
baseline,810,195.82007980853933,186.09873465226784,65.0
baseline,811,196.00284362175523,186.2693142189772,65.0
baseline,812,196.18560743497113,186.43989378568656,65.0
baseline,813,196.36837124818703,186.61047335239596,65.0
baseline,814,196.55113506140296,186.78105291910535,65.0
baseline,815,196.73389887461883,186.9516324858147,65.0
baseline,816,196.91666268783476,187.12221205252408,65.0
baseline,817,197.0994265010507,187.29279161923353,65.0
baseline,818,197.28219031426661,187.4633711859429,65.0
baseline,819,197.4649541274825,187.63395075265228,65.0
baseline,820,197.64771794069844,187.80453031936167,65.0
baseline,821,197.83048175391437,187.97510988607107,65.0
baseline,822,198.01324556713033,188.1456894527805,65.0
baseline,823,198.19600938034625,188.31626901948988,65.0
baseline,824,198.37877319356224,188.4868485861993,65.0
baseline,825,198.56153700677814,188.65742815290872,65.0
baseline,826,198.74430081999407,188.82800771961814,65.0
baseline,827,198.92706463321002,188.99858728632756,65.0
baseline,828,199.10982844642598,189.16916685303698,65.0
baseline,829,199.2925922596419,189.33974641974635,65.0
baseline,830,199.47535607285786,189.5103259864558,65.0
baseline,831,199.65811988607385,189.68090555316525,65.0
baseline,832,199.84088369928978,189.85148511987467,65.0
baseline,833,200.02364751250576,190.02206468658406,65.0
baseline,834,200.20641132572172,190.1926442532935,65.0
baseline,835,200.38917513893762,190.36322382000296,65.0
baseline,836,200.5719389521536,190.53380338671238,65.0
baseline,837,200.69378149429758,190.64752309785194,65.0
baseline,838,200.87654530751354,190.81810266456137,65.0
baseline,839,201.0593091207295,190.9886822312708,65.0
baseline,840,201.24207293394545,191.1592617979802,65.0
baseline,841,201.4248367471614,191.32984136468963,65.0
baseline,842,201.60760056037734,191.50042093139905,65.0
baseline,843,201.7903643735933,191.67100049810847,65.0
baseline,844,201.97312818680922,191.84158006481786,65.0
baseline,845,202.15589200002518,192.01215963152728,65.0
baseline,846,202.3386558132411,192.1827391982367,65.0
baseline,847,202.52141962645706,192.35331876494612,65.0
baseline,848,202.70418343967302,192.52389833165554,65.0
baseline,849,202.88694725288894,192.69447789836494,65.0
baseline,850,203.06971106610487,192.86505746507436,65.0
baseline,851,203.2524748793208,193.03563703178378,65.0
baseline,852,203.43523869253676,193.20621659849317,65.0
baseline,853,203.61800250575268,193.3767961652026,65.0
baseline,854,203.80076631896858,193.54737573191196,65.0
baseline,855,203.98353013218454,193.71795529862135,65.0
baseline,856,204.16629394540047,193.88853486533077,65.0
baseline,857,204.3490577586164,194.0591144320402,65.0
baseline,858,204.53182157183232,194.22969399874955,65.0
baseline,859,204.71458538504825,194.400273565459,65.0
baseline,860,204.89734919826418,194.5708531321684,65.0
baseline,861,205.08011301148014,194.74143269887782,65.0
baseline,862,205.26287682469606,194.9120122655872,65.0
baseline,863,205.44564063791202,195.08259183229657,65.0
baseline,864,205.56748318005594,195.1963115434362,65.0
baseline,865,205.75024699327187,195.3668911101456,65.0
baseline,866,205.9330108064878,195.537470676855,65.0
baseline,867,206.11577461970373,195.7080502435644,65.0
baseline,868,206.29853843291968,195.8786298102738,65.0
baseline,869,206.4813022461356,196.0492093769832,65.0
baseline,870,206.66406605935154,196.2197889436926,65.0
baseline,871,206.84682987256747,196.39036851040203,65.0
baseline,872,207.0295936857834,196.56094807711142,65.0
baseline,873,207.21235749899932,196.73152764382084,65.0
baseline,874,207.3951213122153,196.90210721053026,65.0
baseline,875,207.57788512543127,197.07268677723965,65.0
baseline,876,207.7606489386472,197.24326634394905,65.0
baseline,877,207.9434127518631,197.4138459106585,65.0
baseline,878,208.12617656507902,197.58442547736786,65.0
baseline,879,208.30894037829495,197.75500504407725,65.0
baseline,880,208.4917041915109,197.9255846107867,65.0
baseline,881,208.6744680047269,198.0961641774961,65.0
baseline,882,208.85723181794282,198.26674374420554,65.0
baseline,883,209.03999563115875,198.4373233109149,65.0
baseline,884,209.22275944437467,198.60790287762433,65.0
baseline,885,209.40552325759063,198.77848244433378,65.0
baseline,886,209.5882870708066,198.94906201104317,65.0
baseline,887,209.7710508840225,199.11964157775253,65.0
baseline,888,209.95381469723844,199.290221144462,65.0
baseline,889,210.1365785104544,199.46080071117137,65.0
baseline,890,210.31934232367036,199.63138027788082,65.0
baseline,891,210.44118486581428,199.7450999890204,65.0
baseline,892,210.6239486790302,199.9156795557298,65.0
baseline,893,210.80671249224616,200.0862591224392,65.0
baseline,894,210.9894763054621,200.25683868914862,65.0
baseline,895,211.17224011867805,200.42741825585804,65.0
baseline,896,211.35500393189398,200.59799782256744,65.0
baseline,897,211.53776774510993,200.76857738927686,65.0
baseline,898,211.72053155832586,200.93915695598625,65.0
baseline,899,211.90329537154182,201.10973652269567,65.0
baseline,900,212.08605918475774,201.2803160894051,65.0
baseline,901,212.2688229979737,201.45089565611448,65.0
baseline,902,212.45158681118963,201.6214752228239,65.0
baseline,903,212.63435062440558,201.7920547895333,65.0
baseline,904,212.8171144376215,201.9626343562427,65.0
baseline,905,212.99987825083744,202.1332139229521,65.0
baseline,906,213.18264206405337,202.30379348966156,65.0
baseline,907,213.3654058772693,202.47437305637095,65.0
baseline,908,213.54816969048525,202.64495262308034,65.0
baseline,909,213.73093350370118,202.81553218978974,65.0
baseline,910,213.91369731691714,202.98611175649916,65.0
baseline,911,214.09646113013306,203.15669132320858,65.0
baseline,912,214.27922494334902,203.32727088991794,65.0
baseline,913,214.46198875656495,203.49785045662736,65.0
baseline,914,214.6447525697809,203.66843002333675,65.0
baseline,915,214.82751638299683,203.83900959004617,65.0
baseline,916,215.01028019621276,204.0095891567556,65.0
baseline,917,215.19304400942872,204.18016872346502,65.0
baseline,918,215.31488655157267,204.29388843460458,65.0
baseline,919,215.4976503647886,204.46446800131397,65.0
baseline,920,215.68041417800455,204.6350475680234,65.0
baseline,921,215.86317799122048,204.8056271347328,65.0
baseline,922,216.0459418044364,204.9762067014422,65.0
baseline,923,216.22870561765237,205.1467862681516,65.0
baseline,924,216.4114694308683,205.31736583486102,65.0
baseline,925,216.59423324408425,205.4879454015704,65.0
baseline,926,216.77699705730018,205.65852496827983,65.0
baseline,927,216.9597608705161,205.82910453498923,65.0
baseline,928,217.14252468373206,205.99968410169865,65.0
baseline,929,217.325288496948,206.17026366840804,65.0
baseline,930,217.50805231016392,206.34084323511746,65.0
baseline,931,217.6908161233799,206.51142280182685,65.0
baseline,932,217.87357993659583,206.68200236853627,65.0
baseline,933,218.05634374981176,206.85258193524567,65.0
baseline,934,218.2391075630277,207.02316150195512,65.0
baseline,935,218.42187137624362,207.1937410686645,65.0
baseline,936,218.60463518945954,207.36432063537393,65.0
baseline,937,218.78739900267553,207.53490020208332,65.0
baseline,938,218.97016281589146,207.70547976879274,65.0
baseline,939,219.15292662910738,207.87605933550213,65.0
baseline,940,219.33569044232334,208.04663890221155,65.0
baseline,941,219.51845425553927,208.21721846892095,65.0
baseline,942,219.70121806875525,208.38779803563037,65.0
baseline,943,219.88398188197115,208.55837760233976,65.0
baseline,944,220.06674569518708,208.72895716904915,65.0
baseline,945,220.18858823733106,208.84267688018878,65.0
baseline,946,220.371352050547,209.0132564468982,65.0
baseline,947,220.55411586376295,209.1838360136076,65.0
baseline,948,220.73687967697887,209.354415580317,65.0
baseline,949,220.91964349019483,209.5249951470264,65.0
baseline,950,221.10240730341076,209.69557471373582,65.0
baseline,951,221.2851711166267,209.86615428044522,65.0
baseline,952,221.46793492984264,210.03673384715464,65.0
baseline,953,221.6506987430586,210.20731341386403,65.0
baseline,954,221.83346255627453,210.37789298057345,65.0
baseline,955,222.01622636949045,210.54847254728284,65.0
baseline,956,222.1989901827064,210.71905211399226,65.0
baseline,957,222.38175399592234,210.88963168070165,65.0
baseline,958,222.5645178091383,211.06021124741108,65.0
baseline,959,222.74728162235422,211.2307908141205,65.0
baseline,960,222.93004543557018,211.4013703808299,65.0
baseline,961,223.1128092487861,211.57194994753928,65.0
baseline,962,223.29557306200206,211.74252951424867,65.0
baseline,963,223.478336875218,211.9131090809581,65.0
baseline,964,223.66110068843392,212.08368864766751,65.0
baseline,965,223.84386450164985,212.25426821437694,65.0
baseline,966,224.02662831486577,212.42484778108633,65.0
baseline,967,224.20939212808176,212.59542734779575,65.0
baseline,968,224.3921559412977,212.7660069145051,65.0
baseline,969,224.57491975451364,212.93658648121456,65.0
baseline,970,224.75768356772954,213.10716604792398,65.0
baseline,971,224.9404473809455,213.27774561463335,65.0
baseline,972,225.06228992308945,213.39146532577294,65.0
baseline,973,225.24505373630538,213.56204489248233,65.0
baseline,974,225.42781754952134,213.73262445919175,65.0
baseline,975,225.61058136273726,213.90320402590115,65.0
baseline,976,225.79334517595322,214.07378359261057,65.0
baseline,977,225.97610898916915,214.24436315931996,65.0
baseline,978,226.15887280238508,214.41494272602938,65.0
baseline,979,226.34163661560103,214.58552229273877,65.0
baseline,980,226.52440042881696,214.7561018594482,65.0
baseline,981,226.70716424203292,214.9266814261576,65.0
baseline,982,226.88992805524884,215.097260992867,65.0
baseline,983,227.07269186846477,215.2678405595764,65.0
baseline,984,227.25545568168073,215.43842012628582,65.0
baseline,985,227.43821949489666,215.6089996929952,65.0
baseline,986,227.6209833081126,215.77957925970463,65.0
baseline,987,227.80374712132854,215.95015882641403,65.0
baseline,988,227.98651093454447,216.12073839312345,65.0
baseline,989,228.16927474776043,216.29131795983284,65.0
baseline,990,228.35203856097635,216.46189752654226,65.0
baseline,991,228.5348023741923,216.63247709325162,65.0
baseline,992,228.71756618740824,216.80305665996104,65.0
baseline,993,228.90033000062417,216.97363622667044,65.0
baseline,994,229.08309381384012,217.14421579337989,65.0
baseline,995,229.26585762705605,217.31479536008928,65.0
baseline,996,229.448621440272,217.4853749267987,65.0
baseline,997,229.63138525348793,217.6559544935081,65.0
baseline,998,229.81414906670386,217.8265340602175,65.0
baseline,999,229.93599160884784,217.94025377135713,65.0
baseline,1000,230.11875542206377,218.11083333806653,65.0
baseline,1001,230.30151923527973,218.28141290477595,65.0
baseline,1002,230.48428304849566,218.45199247148534,65.0
baseline,1003,230.6670468617116,218.62257203819476,65.0
baseline,1004,230.84981067492754,218.79315160490415,65.0
baseline,1005,231.0325744881435,218.96373117161357,65.0
baseline,1006,231.21533830135942,219.13431073832297,65.0
baseline,1007,231.39810211457535,219.3048903050324,65.0
baseline,1008,231.5808659277913,219.47546987174178,65.0
baseline,1009,231.76362974100724,219.6460494384512,65.0
baseline,1010,231.9463935542232,219.8166290051606,65.0
baseline,1011,232.12915736743912,219.98720857187,65.0
baseline,1012,232.3119211806551,220.1577881385794,65.0
baseline,1013,232.49468499387103,220.32836770528883,65.0
baseline,1014,232.677448807087,220.49894727199822,65.0
baseline,1015,232.8602126203029,220.66952683870764,65.0
baseline,1016,233.04297643351882,220.84010640541703,65.0
baseline,1017,233.22574024673477,221.01068597212645,65.0
baseline,1018,233.40850405995073,221.18126553883585,65.0
baseline,1019,233.5912678731667,221.35184510554527,65.0
baseline,1020,233.77403168638259,221.52242467225466,65.0
baseline,1021,233.95679549959857,221.69300423896408,65.0
baseline,1022,234.13955931281453,221.86358380567344,65.0
baseline,1023,234.32232312603045,222.03416337238286,65.0
baseline,1024,234.5050869392464,222.20474293909226,65.0
baseline,1025,234.6878507524623,222.37532250580168,65.0
baseline,1026,234.80969329460632,222.4890422169413,65.0
baseline,1027,234.99245710782225,222.6596217836507,65.0
baseline,1028,235.1752209210382,222.8302013503601,65.0
baseline,1029,235.35798473425413,223.0007809170695,65.0
baseline,1030,235.5407485474701,223.17136048377893,65.0
baseline,1031,235.72351236068602,223.34194005048832,65.0
baseline,1032,235.90627617390197,223.51251961719774,65.0
baseline,1033,236.0890399871179,223.68309918390713,65.0
baseline,1034,236.27180380033386,223.85367875061655,65.0
baseline,1035,236.45456761354978,224.02425831732594,65.0
baseline,1036,236.63733142676574,224.19483788403537,65.0
baseline,1037,236.82009523998167,224.36541745074476,65.0
baseline,1038,237.00285905319762,224.53599701745418,65.0
baseline,1039,237.18562286641355,224.70657658416357,65.0
baseline,1040,237.3683866796295,224.877156150873,65.0
baseline,1041,237.55115049284544,225.04773571758238,65.0
baseline,1042,237.7339143060614,225.2183152842918,65.0
baseline,1043,237.9166781192773,225.3888948510012,65.0
baseline,1044,238.09944193249325,225.5594744177106,65.0
baseline,1045,238.28220574570918,225.73005398441998,65.0
baseline,1046,238.46496955892513,225.9006335511294,65.0
baseline,1047,238.64773337214106,226.07121311783882,65.0
baseline,1048,238.83049718535702,226.24179268454824,65.0
baseline,1049,239.01326099857297,226.41237225125764,65.0
baseline,1050,239.19602481178893,226.58295181796706,65.0
baseline,1051,239.37878862500486,226.75353138467645,65.0
baseline,1052,239.56155243822082,226.92411095138584,65.0
baseline,1053,239.68339498036477,227.03783066252547,65.0
baseline,1054,239.8661587935807,227.20841022923486,65.0
baseline,1055,240.04892260679665,227.37898979594428,65.0
baseline,1056,240.23168642001258,227.54956936265367,65.0
baseline,1057,240.41445023322854,227.7201489293631,65.0
baseline,1058,240.59721404644446,227.89072849607248,65.0
baseline,1059,240.77997785966042,228.0613080627819,65.0
baseline,1060,240.96274167287635,228.2318876294913,65.0
baseline,1061,241.1455054860923,228.40246719620072,65.0
baseline,1062,241.32826929930823,228.5730467629101,65.0
baseline,1063,241.5110331125242,228.74362632961953,65.0
baseline,1064,241.69379692574012,228.91420589632892,65.0
baseline,1065,241.87656073895607,229.08478546303834,65.0
baseline,1066,242.059324552172,229.25536502974774,65.0
baseline,1067,242.24208836538793,229.42594459645713,65.0
baseline,1068,242.4248521786039,229.59652416316658,65.0
baseline,1069,242.60761599181984,229.76710372987597,65.0
baseline,1070,242.79037980503577,229.93768329658536,65.0
baseline,1071,242.9731436182517,230.10826286329475,65.0
baseline,1072,243.15590743146765,230.27884243000418,65.0
baseline,1073,243.33867124468358,230.44942199671357,65.0
baseline,1074,243.52143505789957,230.62000156342302,65.0
baseline,1075,243.70419887111547,230.79058113013238,65.0
baseline,1076,243.88696268433142,230.9611606968418,65.0
baseline,1077,244.06972649754738,231.13174026355122,65.0
baseline,1078,244.2524903107633,231.30231983026061,65.0
baseline,1079,244.43525412397926,231.47289939697004,65.0
baseline,1080,244.55709666612321,231.58661910810963,65.0
baseline,1081,244.73986047933917,231.75719867481905,65.0
baseline,1082,244.9226242925551,231.92777824152844,65.0
baseline,1083,245.10538810577106,232.09835780823786,65.0
baseline,1084,245.28815191898698,232.26893737494726,65.0
baseline,1085,245.47091573220294,232.43951694165668,65.0
baseline,1086,245.65367954541887,232.61009650836607,65.0
baseline,1087,245.83644335863482,232.7806760750755,65.0
baseline,1088,246.01920717185075,232.95125564178488,65.0
baseline,1089,246.2019709850667,233.1218352084943,65.0
baseline,1090,246.38473479828264,233.2924147752037,65.0
baseline,1091,246.5674986114986,233.46299434191312,65.0
baseline,1092,246.75026242471452,233.6335739086225,65.0
baseline,1093,246.93302623793048,233.80415347533193,65.0
baseline,1094,247.1157900511464,233.97473304204132,65.0
baseline,1095,247.29855386436236,234.14531260875074,65.0
baseline,1096,247.4813176775783,234.31589217546014,65.0
baseline,1097,247.66408149079425,234.48647174216956,65.0
baseline,1098,247.84684530401017,234.65705130887895,65.0
baseline,1099,248.0296091172261,234.82763087558834,65.0
baseline,1100,248.21237293044203,234.99821044229773,65.0
baseline,1101,248.395136743658,235.16879000900715,65.0
baseline,1102,248.5779005568739,235.33936957571655,65.0
baseline,1103,248.76066437008987,235.50994914242597,65.0
baseline,1104,248.9434281833058,235.68052870913536,65.0
baseline,1105,249.12619199652175,235.85110827584478,65.0
baseline,1106,249.30895580973768,236.02168784255417,65.0
baseline,1107,249.43079835188163,236.13540755369382,65.0
baseline,1108,249.61356216509756,236.30598712040322,65.0
baseline,1109,249.79632597831352,236.47656668711264,65.0
baseline,1110,249.97908979152945,236.64714625382203,65.0
baseline,1111,250.1618536047454,236.81772582053145,65.0
baseline,1112,250.34461741796133,236.98830538724084,65.0
baseline,1113,250.5273812311773,237.15888495395026,65.0
baseline,1114,250.71014504439322,237.32946452065966,65.0
baseline,1115,250.89290885760917,237.50004408736908,65.0
baseline,1116,251.0756726708251,237.67062365407847,65.0
baseline,1117,251.25843648404106,237.8412032207879,65.0
baseline,1118,251.44120029725698,238.01178278749728,65.0
baseline,1119,251.62396411047294,238.1823623542067,65.0
baseline,1120,251.80672792368887,238.3529419209161,65.0
baseline,1121,251.98949173690482,238.5235214876255,65.0
baseline,1122,252.17225555012075,238.69410105433494,65.0
baseline,1123,252.35501936333668,238.86468062104433,65.0
baseline,1124,252.53778317655264,239.03526018775372,65.0
baseline,1125,252.72054698976856,239.2058397544631,65.0
baseline,1126,252.90331080298452,239.37641932117253,65.0
baseline,1127,253.08607461620045,239.54699888788193,65.0
baseline,1128,253.2688384294164,239.71757845459138,65.0
baseline,1129,253.45160224263233,239.88815802130074,65.0
baseline,1130,253.6343660558483,240.05873758801016,65.0
baseline,1131,253.81712986906422,240.22931715471958,65.0
baseline,1132,253.9998936822802,240.399896721429,65.0
baseline,1133,254.1826574954961,240.5704762881384,65.0
baseline,1134,254.30450003764005,240.684195999278,65.0
baseline,1135,254.48726385085598,240.8547755659874,65.0
baseline,1136,254.67002766407194,241.0253551326968,65.0
baseline,1137,254.85279147728787,241.19593469940622,65.0
baseline,1138,255.03555529050382,241.36651426611562,65.0
baseline,1139,255.21831910371975,241.53709383282504,65.0
baseline,1140,255.4010829169357,241.70767339953443,65.0
baseline,1141,255.58384673015163,241.87825296624385,65.0
baseline,1142,255.7666105433676,242.04883253295324,65.0
baseline,1143,255.94937435658352,242.21941209966266,65.0
baseline,1144,256.1321381697995,242.38999166637205,65.0
baseline,1145,256.31490198301543,242.56057123308148,65.0
baseline,1146,256.49766579623133,242.73115079979087,65.0
baseline,1147,256.6804296094473,242.9017303665003,65.0
baseline,1148,256.86319342266324,243.07230993320968,65.0
baseline,1149,257.04595723587914,243.2428894999191,65.0
baseline,1150,257.2287210490951,243.4134690666285,65.0
baseline,1151,257.41148486231106,243.58404863333791,65.0
baseline,1152,257.59424867552696,243.75462820004728,65.0
baseline,1153,257.77701248874286,243.92520776675673,65.0
baseline,1154,257.95977630195887,244.09578733346612,65.0
baseline,1155,258.1425401151748,244.26636690017554,65.0
baseline,1156,258.3253039283908,244.43694646688493,65.0
baseline,1157,258.5080677416067,244.60752603359435,65.0
baseline,1158,258.69083155482264,244.77810560030372,65.0
baseline,1159,258.87359536803854,244.94868516701314,65.0
baseline,1160,259.0563591812545,245.11926473372253,65.0
baseline,1161,259.1782017233985,245.23298444486213,65.0
baseline,1162,259.36096553661446,245.40356401157152,65.0
baseline,1163,259.54372934983036,245.57414357828094,65.0
baseline,1164,259.7264931630463,245.74472314499033,65.0
baseline,1165,259.90925697626227,245.91530271169975,65.0
baseline,1166,260.0920207894782,246.08588227840914,65.0
baseline,1167,260.2747846026941,246.25646184511857,65.0
baseline,1168,260.4575484159101,246.42704141182796,65.0
baseline,1169,260.64031222912604,246.59762097853738,65.0
baseline,1170,260.82307604234194,246.76820054524677,65.0
baseline,1171,261.0058398555579,246.9387801119562,65.0
baseline,1172,261.18860366877385,247.10935967866558,65.0
baseline,1173,261.37136748198975,247.279939245375,65.0
baseline,1174,261.5541312952057,247.4505188120844,65.0
baseline,1175,261.73689510842166,247.62109837879382,65.0
baseline,1176,261.9196589216376,247.7916779455032,65.0
baseline,1177,262.1024227348535,247.96225751221263,65.0
baseline,1178,262.2851865480695,248.13283707892205,65.0
baseline,1179,262.46795036128543,248.30341664563147,65.0
baseline,1180,262.6507141745013,248.47399621234086,65.0
baseline,1181,262.83347798771723,248.64457577905026,65.0
baseline,1182,263.0162418009332,248.81515534575965,65.0
baseline,1183,263.19900561414914,248.98573491246907,65.0
baseline,1184,263.3817694273651,249.15631447917846,65.0
baseline,1185,263.56453324058106,249.32689404588788,65.0
baseline,1186,263.747297053797,249.4974736125973,65.0
baseline,1187,263.9300608670129,249.6680531793067,65.0
baseline,1188,264.05190340915686,249.7817728904463,65.0
baseline,1189,264.2346672223728,249.9523524571557,65.0
baseline,1190,264.4174310355887,250.1229320238651,65.0
baseline,1191,264.6001948488047,250.29351159057452,65.0
baseline,1192,264.78295866202063,250.46409115728392,65.0
baseline,1193,264.96572247523653,250.63467072399334,65.0
baseline,1194,265.1484862884525,250.80525029070273,65.0
baseline,1195,265.33125010166845,250.97582985741215,65.0
baseline,1196,265.5140139148844,251.14640942412154,65.0
baseline,1197,265.6967777281003,251.31698899083096,65.0
baseline,1198,265.87954154131626,251.48756855754036,65.0
baseline,1199,266.0623053545322,251.65814812424978,65.0
baseline,1200,266.2450691677481,251.82872769095917,65.0
baseline,1201,266.42783298096407,251.9993072576686,65.0
baseline,1202,266.61059679418,252.16988682437798,65.0
baseline,1203,266.7933606073959,252.3404663910874,65.0
baseline,1204,266.9761244206119,252.5110459577968,65.0
baseline,1205,267.15888823382784,252.6816255245062,65.0
baseline,1206,267.3416520470438,252.8522050912156,65.0
baseline,1207,267.52441586025964,253.02278465792503,65.0
baseline,1208,267.7071796734756,253.19336422463445,65.0
baseline,1209,267.88994348669155,253.36394379134384,65.0
baseline,1210,268.0727072999075,253.53452335805326,65.0
baseline,1211,268.25547111312346,253.70510292476266,65.0
baseline,1212,268.4382349263394,253.8756824914721,65.0
baseline,1213,268.6209987395553,254.04626205818147,65.0
baseline,1214,268.8037625527713,254.21684162489086,65.0
baseline,1215,268.9256050949152,254.33056133603046,65.0
baseline,1216,269.1083689081312,254.50114090273988,65.0
baseline,1217,269.2911327213471,254.67172046944927,65.0
baseline,1218,269.47389653456304,254.8423000361587,65.0
baseline,1219,269.656660347779,255.01287960286808,65.0
baseline,1220,269.8394241609949,255.1834591695775,65.0
baseline,1221,270.02218797421085,255.3540387362869,65.0
baseline,1222,270.2049517874268,255.52461830299632,65.0
baseline,1223,270.38771560064276,255.6951978697057,65.0
baseline,1224,270.57047941385866,255.86577743641513,65.0
baseline,1225,270.7532432270746,256.0363570031245,65.0
baseline,1226,270.9360070402906,256.20693656983394,65.0
baseline,1227,271.1187708535065,256.37751613654336,65.0
baseline,1228,271.30153466672243,256.5480957032527,65.0
baseline,1229,271.4842984799384,256.71867526996215,65.0
baseline,1230,271.6670622931543,256.88925483667157,65.0
baseline,1231,271.8498261063702,257.059834403381,65.0
baseline,1232,272.03258991958614,257.23041397009035,65.0
baseline,1233,272.21535373280204,257.4009935367998,65.0
baseline,1234,272.39811754601806,257.5715731035092,65.0
baseline,1235,272.580881359234,257.74215267021856,65.0
baseline,1236,272.7636451724499,257.9127322369279,65.0
baseline,1237,272.94640898566587,258.08331180363734,65.0
baseline,1238,273.12917279888177,258.2538913703468,65.0
baseline,1239,273.3119366120977,258.42447093705624,65.0
baseline,1240,273.4947004253137,258.5950505037656,65.0
baseline,1241,273.6774642385296,258.765630070475,65.0
baseline,1242,273.79930678067353,258.8793497816147,65.0
baseline,1243,273.9820705938895,259.0499293483241,65.0
baseline,1244,274.1648344071054,259.2205089150335,65.0
baseline,1245,274.34759822032134,259.3910884817429,65.0
baseline,1246,274.5303620335373,259.5616680484523,65.0
baseline,1247,274.7131258467532,259.7322476151617,65.0
baseline,1248,274.89588965996916,259.90282718187115,65.0
baseline,1249,275.0786534731851,260.0734067485805,65.0
baseline,1250,275.261417286401,260.24398631528993,65.0
baseline,1251,275.44418109961697,260.41456588199935,65.0
baseline,1252,275.6269449128329,260.5851454487088,65.0
baseline,1253,275.8097087260488,260.75572501541814,65.0
baseline,1254,275.9924725392648,260.92630458212756,65.0
baseline,1255,276.17523635248074,261.096884148837,65.0
baseline,1256,276.35800016569664,261.2674637155464,65.0
baseline,1257,276.5407639789126,261.43804328225576,65.0
baseline,1258,276.72352779212855,261.6086228489652,65.0
baseline,1259,276.90629160534445,261.7792024156746,65.0
baseline,1260,277.0890554185604,261.949781982384,65.0
baseline,1261,277.27181923177636,262.1203615490934,65.0
baseline,1262,277.45458304499226,262.2909411158028,65.0
baseline,1263,277.6373468582083,262.46152068251223,65.0
baseline,1264,277.82011067142423,262.63210024922165,65.0
baseline,1265,278.0028744846402,262.802679815931,65.0
baseline,1266,278.1856382978561,262.97325938264044,65.0
baseline,1267,278.36840211107204,263.14383894934986,65.0
baseline,1268,278.551165924288,263.3144185160592,65.0
baseline,1269,278.67300846643195,263.4281382271989,65.0
baseline,1270,278.8557722796479,263.5987177939083,65.0
baseline,1271,279.0385360928638,263.7692973606177,65.0
baseline,1272,279.22129990607976,263.9398769273271,65.0
baseline,1273,279.4040637192957,264.1104564940365,65.0
baseline,1274,279.5868275325117,264.2810360607459,65.0
baseline,1275,279.7695913457276,264.45161562745534,65.0
baseline,1276,279.95235515894353,264.6221951941647,65.0
baseline,1277,280.1351189721595,264.7927747608741,65.0
baseline,1278,280.3178827853754,264.96335432758355,65.0
baseline,1279,280.50064659859135,265.13393389429297,65.0
baseline,1280,280.6834104118073,265.3045134610024,65.0
baseline,1281,280.8661742250232,265.47509302771175,65.0
baseline,1282,281.04893803823916,265.64567259442117,65.0
baseline,1283,281.2317018514551,265.8162521611306,65.0
baseline,1284,281.41446566467107,265.98683172784,65.0
baseline,1285,281.59722947788697,266.1574112945494,65.0
baseline,1286,281.7799932911029,266.3279908612588,65.0
baseline,1287,281.9627571043189,266.4985704279682,65.0
baseline,1288,282.1455209175348,266.66914999467764,65.0
baseline,1289,282.32828473075074,266.83972956138706,65.0
baseline,1290,282.5110485439667,267.0103091280964,65.0
baseline,1291,282.6938123571826,267.18088869480584,65.0
baseline,1292,282.87657617039855,267.35146826151527,65.0
baseline,1293,283.0593399836145,267.5220478282247,65.0
baseline,1294,283.24210379683046,267.69262739493405,65.0
baseline,1295,283.42486761004636,267.86320696164347,65.0
baseline,1296,283.5467101521903,267.97692667278307,65.0
baseline,1297,283.72947396540627,268.1475062394925,65.0
baseline,1298,283.91223777862217,268.3180858062019,65.0
baseline,1299,284.0950015918381,268.48866537291127,65.0
baseline,1300,284.2777654050541,268.6592449396207,65.0
baseline,1301,284.46052921827,268.8298245063301,65.0
baseline,1302,284.64329303148594,269.00040407303953,65.0
baseline,1303,284.8260568447019,269.1709836397489,65.0
baseline,1304,285.00882065791785,269.3415632064583,65.0
baseline,1305,285.19158447113375,269.51214277316774,65.0
baseline,1306,285.3743482843497,269.68272233987716,65.0
baseline,1307,285.55711209756566,269.8533019065865,65.0
baseline,1308,285.73987591078156,270.02388147329594,65.0
baseline,1309,285.9226397239975,270.19446104000536,65.0
baseline,1310,286.1054035372135,270.3650406067148,65.0
baseline,1311,286.2881673504294,270.5356201734242,65.0
baseline,1312,286.47093116364533,270.70619974013357,65.0
baseline,1313,286.6536949768613,270.876779306843,65.0
baseline,1314,286.8364587900772,271.0473588735524,65.0
baseline,1315,287.01922260329314,271.21793844026183,65.0
baseline,1316,287.2019864165091,271.3885180069712,65.0
baseline,1317,287.38475022972506,271.5590975736806,65.0
baseline,1318,287.56751404294096,271.72967714039004,65.0
baseline,1319,287.7502778561569,271.90025670709946,65.0
baseline,1320,287.93304166937287,272.0708362738089,65.0
baseline,1321,288.11580548258877,272.24141584051824,65.0
baseline,1322,288.2985692958047,272.41199540722766,65.0
baseline,1323,288.4204118379486,272.52571511836726,65.0
baseline,1324,288.6031756511646,272.6962946850767,65.0
baseline,1325,288.7859394643805,272.8668742517861,65.0
baseline,1326,288.96870327759643,273.03745381849546,65.0
baseline,1327,289.1514670908124,273.2080333852049,65.0
baseline,1328,289.33423090402835,273.3786129519143,65.0
baseline,1329,289.51699471724424,273.5491925186237,65.0
baseline,1330,289.6997585304602,273.7197720853331,65.0
baseline,1331,289.88252234367616,273.8903516520425,65.0
baseline,1332,290.06528615689206,274.06093121875193,65.0
baseline,1333,290.248049970108,274.23151078546135,65.0
baseline,1334,290.43081378332397,274.4020903521707,65.0
baseline,1335,290.61357759653987,274.57266991888014,65.0
baseline,1336,290.7963414097558,274.74324948558956,65.0
baseline,1337,290.9791052229718,274.913829052299,65.0
baseline,1338,291.16186903618774,275.0844086190084,65.0
baseline,1339,291.34463284940364,275.25498818571776,65.0
baseline,1340,291.5273966626196,275.4255677524272,65.0
baseline,1341,291.71016047583555,275.5961473191366,65.0
baseline,1342,291.89292428905145,275.766726885846,65.0
baseline,1343,292.0756881022674,275.9373064525554,65.0
baseline,1344,292.25845191548336,276.1078860192648,65.0
baseline,1345,292.44121572869926,276.27846558597423,65.0
baseline,1346,292.6239795419152,276.44904515268365,65.0
baseline,1347,292.8067433551312,276.619624719393,65.0
baseline,1348,292.98950716834713,276.79020428610244,65.0
baseline,1349,293.17227098156303,276.96078385281186,65.0
baseline,1350,293.294113523707,277.07450356395145,65.0
baseline,1351,293.47687733692294,277.2450831306609,65.0
baseline,1352,293.65964115013884,277.4156626973703,65.0
baseline,1353,293.8424049633548,277.58624226407966,65.0
baseline,1354,294.02516877657075,277.7568218307891,65.0
baseline,1355,294.20793258978665,277.9274013974985,65.0
baseline,1356,294.3906964030026,278.0979809642079,65.0
baseline,1357,294.57346021621856,278.2685605309173,65.0
baseline,1358,294.7562240294345,278.4391400976267,65.0
baseline,1359,294.9389878426504,278.6097196643361,65.0
baseline,1360,295.1217516558664,278.78029923104555,65.0
baseline,1361,295.30451546908233,278.95087879775497,65.0
baseline,1362,295.48727928229823,279.12145836446433,65.0
baseline,1363,295.6700430955142,279.29203793117375,65.0
baseline,1364,295.85280690873014,279.4626174978832,65.0
baseline,1365,296.03557072194604,279.6331970645926,65.0
baseline,1366,296.218334535162,279.80377663130196,65.0
baseline,1367,296.40109834837796,279.9743561980114,65.0
baseline,1368,296.5838621615939,280.1449357647208,65.0
baseline,1369,296.7666259748098,280.3155153314302,65.0
baseline,1370,296.94938978802577,280.4860948981397,65.0
baseline,1371,297.13215360124167,280.65667446484906,65.0
baseline,1372,297.3149174144576,280.8272540315585,65.0
baseline,1373,297.4976812276736,280.99783359826785,65.0
baseline,1374,297.6804450408895,281.16841316497727,65.0
baseline,1375,297.8632088541054,281.3389927316867,65.0
baseline,1376,298.0459726673214,281.50957229839605,65.0
baseline,1377,298.1678152094654,281.6232920095357,65.0
baseline,1378,298.35057902268136,281.7938715762451,65.0
baseline,1379,298.53334283589726,281.96445114295454,65.0
baseline,1380,298.7161066491132,282.1350307096639,65.0
baseline,1381,298.89887046232917,282.30561027637333,65.0
baseline,1382,299.0816342755451,282.47618984308275,65.0
baseline,1383,299.264398088761,282.64676940979217,65.0
baseline,1384,299.447161901977,282.8173489765016,65.0
baseline,1385,299.62992571519294,282.98792854321096,65.0
baseline,1386,299.81268952840884,283.1585081099204,65.0
baseline,1387,299.9954533416248,283.3290876766298,65.0
baseline,1388,300.17821715484075,283.4996672433392,65.0
baseline,1389,300.3609809680567,283.6702468100486,65.0
baseline,1390,300.5437447812726,283.840826376758,65.0
baseline,1391,300.72650859448856,284.0114059434674,65.0
baseline,1392,300.9092724077045,284.1819855101768,65.0
baseline,1393,301.0920362209204,284.3525650768862,65.0
baseline,1394,301.2748000341364,284.5231446435956,65.0
baseline,1395,301.45756384735233,284.69372421030505,65.0
baseline,1396,301.6403276605683,284.86430377701447,65.0
baseline,1397,301.8230914737842,285.0348833437239,65.0
baseline,1398,302.0058552870001,285.2054629104333,65.0
baseline,1399,302.18861910021604,285.3760424771426,65.0
baseline,1400,302.371382913432,285.5466220438521,65.0
baseline,1401,302.5541467266479,285.7172016105615,65.0
baseline,1402,302.73691053986386,285.8877811772709,65.0
baseline,1403,302.9196743530798,286.0583607439803,65.0
baseline,1404,303.04151689522377,286.1720804551199,65.0
baseline,1405,303.2242807084397,286.3426600218293,65.0
baseline,1406,303.4070445216556,286.5132395885387,65.0
baseline,1407,303.5898083348716,286.6838191552481,65.0
baseline,1408,303.77257214808753,286.8543987219575,65.0
baseline,1409,303.95533596130343,287.02497828866694,65.0
baseline,1410,304.1380997745194,287.1955578553763,65.0
baseline,1411,304.32086358773535,287.3661374220857,65.0
baseline,1412,304.5036274009513,287.53671698879515,65.0
baseline,1413,304.6863912141672,287.70729655550457,65.0
baseline,1414,304.86915502738316,287.87787612221393,65.0
baseline,1415,305.0519188405991,288.04845568892335,65.0
baseline,1416,305.234682653815,288.2190352556328,65.0
baseline,1417,305.41744646703097,288.3896148223422,65.0
baseline,1418,305.6002102802469,288.56019438905156,65.0
baseline,1419,305.7829740934628,288.7307739557609,65.0
baseline,1420,305.9657379066788,288.90135352247034,65.0
baseline,1421,306.14850171989474,289.07193308917977,65.0
baseline,1422,306.33126553311064,289.2425126558892,65.0
baseline,1423,306.5140293463266,289.4130922225986,65.0
baseline,1424,306.69679315954255,289.583671789308,65.0
baseline,1425,306.87955697275845,289.7542513560174,65.0
baseline,1426,307.0623207859744,289.9248309227268,65.0
baseline,1427,307.24508459919036,290.0954104894363,65.0
baseline,1428,307.4278484124063,290.2659900561457,65.0
baseline,1429,307.6106122256222,290.43656962285496,65.0
baseline,1430,307.7933760388382,290.6071491895644,65.0
baseline,1431,307.9152185809821,290.72086890070403,65.0
baseline,1432,308.0979823941981,290.89144846741345,65.0
baseline,1433,308.280746207414,291.0620280341228,65.0
baseline,1434,308.46351002062994,291.23260760083224,65.0
baseline,1435,308.6462738338459,291.40318716754166,65.0
baseline,1436,308.82903764706185,291.5737667342511,65.0
baseline,1437,309.01180146027775,291.74434630096044,65.0
baseline,1438,309.1945652734937,291.91492586766987,65.0
baseline,1439,309.37732908670966,292.0855054343793,65.0
baseline,1440,309.56009289992556,292.2560850010887,65.0
baseline,1441,309.7428567131415,292.42666456779807,65.0
baseline,1442,309.9256205263575,292.5972441345075,65.0
baseline,1443,310.1083843395734,292.7678237012169,65.0
baseline,1444,310.29114815278933,292.9384032679263,65.0
baseline,1445,310.4739119660053,293.1089828346357,65.0
baseline,1446,310.6566757792213,293.2795624013451,65.0
baseline,1447,310.8394395924372,293.45014196805454,65.0
baseline,1448,311.0222034056531,293.6207215347639,65.0
baseline,1449,311.20496721886906,293.7913011014733,65.0
baseline,1450,311.38773103208496,293.96188066818274,65.0
baseline,1451,311.5704948453009,294.13246023489216,65.0
baseline,1452,311.7532586585169,294.3030398016016,65.0
baseline,1453,311.9360224717329,294.473619368311,65.0
baseline,1454,312.1187862849487,294.6441989350204,65.0
baseline,1455,312.3015500981647,294.8147785017298,65.0
baseline,1456,312.48431391138075,294.9853580684392,65.0
baseline,1457,312.6670777245966,295.1559376351486,65.0
baseline,1458,312.78892026674055,295.26965734628817,65.0
baseline,1459,312.9716840799565,295.4402369129976,65.0
baseline,1460,313.15444789317246,295.610816479707,65.0
baseline,1461,313.33721170638836,295.7813960464164,65.0
baseline,1462,313.5199755196043,295.9519756131258,65.0
baseline,1463,313.7027393328203,296.1225551798352,65.0
baseline,1464,313.8855031460362,296.29313474654464,65.0
baseline,1465,314.0682669592521,296.463714313254,65.0
baseline,1466,314.2510307724681,296.6342938799634,65.0
baseline,1467,314.43379458568404,296.80487344667284,65.0
baseline,1468,314.6165583989,296.97545301338226,65.0
baseline,1469,314.7993222121159,297.1460325800916,65.0
baseline,1470,314.98208602533185,297.31661214680105,65.0
baseline,1471,315.1648498385478,297.48719171351047,65.0
baseline,1472,315.34761365176377,297.6577712802199,65.0
baseline,1473,315.53037746497967,297.82835084692925,65.0
baseline,1474,315.7131412781956,297.9989304136387,65.0
baseline,1475,315.8959050914116,298.1695099803481,65.0
baseline,1476,316.07866890462753,298.3400895470575,65.0
baseline,1477,316.26143271784343,298.5106691137669,65.0
baseline,1478,316.4441965310594,298.6812486804763,65.0
baseline,1479,316.6269603442753,298.8518282471857,65.0
baseline,1480,316.80972415749125,299.02240781389514,65.0
baseline,1481,316.99248797070715,299.1929873806045,65.0
baseline,1482,317.1752517839231,299.3635669473139,65.0
baseline,1483,317.35801559713906,299.53414651402335,65.0
baseline,1484,317.540779410355,299.70472608073277,65.0
baseline,1485,317.66262195249897,299.81844579187236,65.0
baseline,1486,317.8453857657149,299.9890253585818,65.0
baseline,1487,318.0281495789308,300.15960492529115,65.0
baseline,1488,318.2109133921468,300.33018449200057,65.0
baseline,1489,318.39367720536274,300.50076405871,65.0
baseline,1490,318.5764410185787,300.6713436254194,65.0
baseline,1491,318.7592048317946,300.8419231921288,65.0
baseline,1492,318.94196864501055,301.0125027588382,65.0
baseline,1493,319.1247324582265,301.1830823255476,65.0
baseline,1494,319.30749627144246,301.35366189225704,65.0
baseline,1495,319.49026008465836,301.5242414589664,65.0
baseline,1496,319.6730238978743,301.6948210256758,65.0
baseline,1497,319.8557877110903,301.86540059238524,65.0
baseline,1498,320.0385515243062,302.03598015909466,65.0
baseline,1499,320.2213153375221,302.206559725804,65.0
baseline,1500,320.4040791507381,302.37713929251345,65.0
baseline,1501,320.58684296395404,302.54771885922287,65.0
baseline,1502,320.76960677716994,302.71829842593223,65.0
baseline,1503,320.9523705903859,302.88887799264165,65.0
baseline,1504,321.13513440360185,303.0594575593511,65.0
baseline,1505,321.3178982168178,303.2300371260605,65.0
baseline,1506,321.5006620300337,303.40061669276986,65.0
baseline,1507,321.68342584324967,303.5711962594793,65.0
baseline,1508,321.8661896564656,303.7417758261887,65.0
baseline,1509,322.0489534696815,303.9123553928981,65.0
baseline,1510,322.2317172828975,304.0829349596075,65.0
baseline,1511,322.41448109611343,304.2535145263169,65.0
baseline,1512,322.5363236382574,304.3672342374565,65.0
baseline,1513,322.71908745147334,304.5378138041659,65.0
baseline,1514,322.90185126468924,304.7083933708753,65.0
baseline,1515,323.0846150779052,304.8789729375847,65.0
baseline,1516,323.26737889112115,305.0495525042941,65.0
baseline,1517,323.4501427043371,305.22013207100355,65.0
baseline,1518,323.632906517553,305.3907116377129,65.0
baseline,1519,323.81567033076897,305.56129120442233,65.0
baseline,1520,323.9984341439849,305.73187077113175,65.0
baseline,1521,324.1811979572009,305.9024503378412,65.0
baseline,1522,324.3639617704168,306.07302990455054,65.0
baseline,1523,324.54672558363274,306.24360947125996,65.0
baseline,1524,324.7294893968487,306.4141890379694,65.0
baseline,1525,324.91225321006465,306.58476860467874,65.0
baseline,1526,325.09501702328055,306.75534817138816,65.0
baseline,1527,325.2777808364965,306.9259277380976,65.0
baseline,1528,325.46054464971246,307.096507304807,65.0
baseline,1529,325.6433084629284,307.26708687151637,65.0
baseline,1530,325.8260722761443,307.43766643822573,65.0
baseline,1531,326.0088360893603,307.60824600493515,65.0
baseline,1532,326.19159990257623,307.7788255716445,65.0
baseline,1533,326.3743637157922,307.949405138354,65.0
baseline,1534,326.5571275290081,308.1199847050634,65.0
baseline,1535,326.73989134222404,308.29056427177284,65.0
baseline,1536,326.92265515544,308.4611438384822,65.0
baseline,1537,327.10541896865595,308.6317234051916,65.0
baseline,1538,327.28818278187185,308.802302971901,65.0
baseline,1539,327.4100253240158,308.9160226830406,65.0
baseline,1540,327.59278913723176,309.08660224975,65.0
baseline,1541,327.77555295044766,309.25718181645937,65.0
baseline,1542,327.9583167636636,309.4277613831688,65.0
baseline,1543,328.1410805768796,309.5983409498782,65.0
baseline,1544,328.32384439009553,309.7689205165876,65.0
baseline,1545,328.50660820331143,309.939500083297,65.0
baseline,1546,328.6893720165274,310.1100796500064,65.0
baseline,1547,328.87213582974334,310.28065921671583,65.0
baseline,1548,329.0548996429593,310.4512387834252,65.0
baseline,1549,329.2376634561752,310.6218183501346,65.0
baseline,1550,329.42042726939115,310.79239791684404,65.0
baseline,1551,329.6031910826071,310.96297748355346,65.0
baseline,1552,329.785954895823,311.1335570502628,65.0
baseline,1553,329.96871870903897,311.30413661697224,65.0
baseline,1554,330.1514825222549,311.47471618368166,65.0
baseline,1555,330.3342463354709,311.645295750391,65.0
baseline,1556,330.5170101486868,311.81587531710045,65.0
baseline,1557,330.69977396190274,311.98645488380987,65.0
baseline,1558,330.88253777511875,312.1570344505193,65.0
baseline,1559,331.0653015883346,312.32761401722865,65.0
baseline,1560,331.24806540155055,312.4981935839381,65.0
baseline,1561,331.4308292147665,312.66877315064755,65.0
baseline,1562,331.61359302798246,312.83935271735686,65.0
baseline,1563,331.79635684119836,313.0099322840663,65.0
baseline,1564,331.9791206544143,313.1805118507757,65.0
baseline,1565,332.1618844676303,313.35109141748507,65.0
baseline,1566,332.28372700977417,313.4648111286247,65.0
baseline,1567,332.4664908229901,313.63539069533414,65.0
baseline,1568,332.6492546362061,313.8059702620435,65.0
baseline,1569,332.832018449422,313.9765498287529,65.0
baseline,1570,333.01478226263794,314.14712939546234,65.0
baseline,1571,333.1975460758539,314.31770896217176,65.0
baseline,1572,333.38030988906985,314.4882885288811,65.0
baseline,1573,333.56307370228575,314.65886809559055,65.0
baseline,1574,333.7458375155017,314.82944766229997,65.0
baseline,1575,333.92860132871766,315.0000272290094,65.0
baseline,1576,334.1113651419336,315.17060679571875,65.0
baseline,1577,334.2941289551495,315.3411863624282,65.0
baseline,1578,334.4768927683655,315.5117659291376,65.0
baseline,1579,334.65965658158143,315.682345495847,65.0
baseline,1580,334.8424203947974,315.8529250625564,65.0
baseline,1581,335.0251842080133,316.0235046292658,65.0
baseline,1582,335.20794802122924,316.1940841959752,65.0
baseline,1583,335.3907118344452,316.36466376268464,65.0
baseline,1584,335.57347564766116,316.535243329394,65.0
baseline,1585,335.7562394608771,316.7058228961034,65.0
baseline,1586,335.93900327409307,316.87640246281285,65.0
baseline,1587,336.121767087309,317.04698202952227,65.0
baseline,1588,336.3045309005249,317.21756159623163,65.0
baseline,1589,336.4872947137408,317.38814116294105,65.0
baseline,1590,336.6700585269568,317.5587207296505,65.0
baseline,1591,336.85282234017274,317.72930029635984,65.0
baseline,1592,337.0355861533887,317.89987986306926,65.0
baseline,1593,337.1574286955326,318.01359957420885,65.0
baseline,1594,337.34019250874854,318.1841791409183,65.0
baseline,1595,337.5229563219645,318.35475870762764,65.0
baseline,1596,337.7057201351804,318.52533827433706,65.0
baseline,1597,337.88848394839636,318.6959178410465,65.0
baseline,1598,338.0712477616123,318.8664974077559,65.0
baseline,1599,338.25401157482827,319.03707697446526,65.0
baseline,1600,338.43677538804417,319.2076565411747,65.0
baseline,1601,338.6195392012601,319.3782361078841,65.0
baseline,1602,338.8023030144761,319.54881567459347,65.0
baseline,1603,338.98506682769204,319.7193952413029,65.0
baseline,1604,339.16783064090794,319.8899748080123,65.0
baseline,1605,339.3505944541239,320.06055437472173,65.0
baseline,1606,339.53335826733985,320.2311339414311,65.0
baseline,1607,339.7161220805558,320.4017135081405,65.0
baseline,1608,339.8988858937717,320.57229307484994,65.0
baseline,1609,340.08164970698766,320.7428726415593,65.0
baseline,1610,340.2644135202036,320.91345220826867,65.0
baseline,1611,340.4471773334196,321.0840317749781,65.0
baseline,1612,340.6299411466355,321.25461134168756,65.0
baseline,1613,340.8127049598515,321.4251909083969,65.0
baseline,1614,340.99546877306744,321.59577047510635,65.0
baseline,1615,341.1782325862834,321.76635004181577,65.0
baseline,1616,341.36099639949924,321.93692960852513,65.0
baseline,1617,341.5437602127152,322.1075091752345,65.0
baseline,1618,341.72652402593116,322.278088741944,65.0
baseline,1619,341.9092878391471,322.4486683086534,65.0
baseline,1620,342.03113038129106,322.56238801979293,65.0
baseline,1621,342.2139932377989,322.7330600269123,65.0
baseline,1622,342.3974204212029,322.9042587391585,65.0
baseline,1623,342.58189602600385,323.0764359780861,65.0
baseline,1624,342.76782082844585,323.2499658015399,65.0
baseline,1625,342.9555169153083,323.42514882386064,65.0
baseline,1626,343.14523231269806,323.6022165360921,65.0
baseline,1627,343.33714561484123,323.7813356261862,65.0
baseline,1628,343.53137061287555,323.96261229920947,65.0
baseline,1629,343.72796092364206,324.1460965975491,65.0
baseline,1630,343.92691461847744,324.33178672111944,65.0
baseline,1631,344.1281788520058,324.51963334756744,65.0
baseline,1632,344.3316544909312,324.7095439524791,65.0
baseline,1633,344.53720074282893,324.9013871295857,65.0
baseline,1634,344.74463978493816,325.09499691096954,65.0
baseline,1635,344.9537613929537,325.29017708727025,65.0
baseline,1636,345.16432756981834,325.48670552789093,65.0
baseline,1637,345.37607717451453,325.68433850120425,65.0
baseline,1638,345.58873055085627,325.88281499475835,65.0
baseline,1639,345.80199415628186,326.08186103548314,65.0
baseline,1640,346.01556519064553,326.2811940098964,65.0
baseline,1641,346.2291362250092,326.48052698430956,65.0
baseline,1642,346.4423998304349,326.67957302503436,65.0
baseline,1643,346.65505320677676,326.87804951858857,65.0
baseline,1644,346.8668028114727,327.07568249190183,65.0
baseline,1645,347.07736898833735,327.2722109325225,65.0
baseline,1646,347.286490596353,327.4673911088234,65.0
baseline,1647,347.4249838419207,327.59665147719403,65.0
baseline,1648,347.63061063156016,327.78856982286294,65.0
baseline,1649,347.83095981118237,327.9755623989598,65.0
baseline,1650,348.0230648199975,328.15486041528914,65.0
baseline,1651,348.20446041834686,328.3241629813988,65.0
baseline,1652,348.37315527217436,328.4816115187523,65.0
baseline,1653,348.5276045374973,328.62576417290086,65.0
baseline,1654,348.6666824448786,328.7555702256554,65.0
baseline,1655,348.7896548838969,328.8703445072587,65.0
baseline,1656,348.89615198761925,328.9697418085576,65.0
baseline,1657,348.98614071707146,329.05373129317496,65.0
baseline,1658,349.05989744571025,329.1225709096817,65.0
baseline,1659,349.11798054389357,329.17678180376913,65.0
baseline,1660,349.1612029633531,329.2171227304208,65.0
baseline,1661,349.1906048216645,329.24456446608485,65.0
baseline,1662,349.20742598671984,329.26026422084595,65.0
baseline,1663,349.21307866119804,329.26554005059734,65.0
baseline,1664,349.20911996703654,329.261845269213,65.0
baseline,1665,349.1972245299029,329.25074286071987,65.0
baseline,1666,349.17915706366574,329.23387989146977,65.0
baseline,1667,349.1567449548662,329.2129619223117,65.0
baseline,1668,349.1318508471895,329.18972742076363,65.0
baseline,1669,349.1063452259362,329.16592217318475,65.0
baseline,1670,349.0820790024931,329.143273696948,65.0
baseline,1671,349.06085609880535,329.1234656526109,65.0
baseline,1672,349.0444060318473,329.10811225608956,65.0
baseline,1673,349.0343564980937,329.098732690829,65.0
baseline,1674,349.03544415750264,329.0997478396566,65.0
baseline,1675,349.0467299011893,329.11028120090685,65.0
baseline,1676,349.0648430213804,329.12718678051573,65.0
baseline,1677,349.08886801559163,329.14961010945933,65.0
baseline,1678,349.1179455124512,329.1767491077546,65.0
baseline,1679,349.1512709087335,329.207852812357,65.0
baseline,1680,349.1880930063939,329.24222010505963,65.0
baseline,1681,349.22771264960267,329.279198440392,65.0
baseline,1682,349.26948136177924,329.31818257351836,65.0
baseline,1683,349.3127999826268,329.3586132881364,65.0
baseline,1684,349.3571173051664,329.3999761243757,65.0
baseline,1685,349.40192871277105,329.4418001066965,65.0
baseline,1686,349.4467748162002,329.48365647178844,65.0
baseline,1687,349.491240090634,329.5251573964686,65.0
baseline,1688,349.5349515127075,329.56595472558064,65.0
baseline,1689,349.577577197545,329.60573869989327,65.0
baseline,1690,349.6188250357941,329.6442366839988,65.0
baseline,1691,349.65844133066054,329.6812118942115,65.0
baseline,1692,349.6962094349417,329.7164621264668,65.0
baseline,1693,349.73194838806154,329.7498184842192,65.0
baseline,1694,349.7655115531043,329.7811441063414,65.0
baseline,1695,349.7967852538495,329.81033289502255,65.0
baseline,1696,349.82568741180546,329.83730824366694,65.0
baseline,1697,349.85216618324387,329.86202176479276,65.0
baseline,1698,349.87619859623425,329.8844520179308,65.0
baseline,1699,349.8977891876781,329.9046032375223,65.0
baseline,1700,349.91696864034304,329.9225040608184,65.0
baseline,1701,349.93379241989726,329.9382062557786,65.0
baseline,1702,349.94833941194355,329.95178344896857,65.0
baseline,1703,349.960710559054,329.96332985346004,65.0
baseline,1704,349.9710274978038,329.9729589967283,65.0
baseline,1705,349.97943119580594,329.98080244855146,65.0
baseline,1706,349.98608058874504,329.9870085489083,65.0
baseline,1707,349.991151217412,329.991741135878,65.0
baseline,1708,349.9948338647382,329.9951782735378,65.0
baseline,1709,349.99733319282956,329.99751097986183,65.0
baseline,1710,349.99886638000106,329.99894195461985,65.0
baseline,1711,349.9996617578108,329.99968430727586,65.0
baseline,1712,349.9999574480947,329.9999602848866,65.0
baseline,1713,350.00000000000006,329.99999999999994,65.0
connectivity,0,50.00001649789192,50.00000274586091,65.0
connectivity,1,50.49181970896613,49.91803552149263,65.0
connectivity,2,50.98362292004035,49.83606829712435,65.0
connectivity,3,51.47542613111456,49.754101072756065,65.0
connectivity,4,51.96722934218877,49.67213384838778,65.0
connectivity,5,52.459032553262986,49.590166624019496,65.0
connectivity,6,52.9508357643372,49.50819939965122,65.0
connectivity,7,53.44263897541141,49.426232175282934,65.0
connectivity,8,53.934442186485626,49.34426495091465,65.0
connectivity,9,54.42624539755984,49.26229772654637,65.0
connectivity,10,54.91804860863405,49.18033050217809,65.0
connectivity,11,55.409851819708265,49.0983632778098,65.0
connectivity,12,55.90165503078248,49.016396053441525,65.0
connectivity,13,56.39345824185669,48.93442882907324,65.0
connectivity,14,56.885261452930905,48.852461604704956,65.0
connectivity,15,57.37706466400512,48.77049438033667,65.0
connectivity,16,57.86886787507934,48.688527155968394,65.0
connectivity,17,58.360671086153545,48.60655993160011,65.0
connectivity,18,58.85247429722776,48.524592707231825,65.0
connectivity,19,59.34427750830198,48.44262548286355,65.0
connectivity,20,59.836080719376184,48.36065825849526,65.0
connectivity,21,60.327883930450405,48.27869103412698,65.0
connectivity,22,60.81968714152462,48.196723809758694,65.0
connectivity,23,61.31149035259883,48.11475658539042,65.0
connectivity,24,61.803293563673044,48.03278936102213,65.0
connectivity,25,62.29509677474726,47.95082213665385,65.0
connectivity,26,62.78689998582147,47.86885491228557,65.0
connectivity,27,63.278703196895684,47.786887687917286,65.0
connectivity,28,63.7705064079699,47.704920463549,65.0
connectivity,29,64.2623096190441,47.622953239180724,65.0
connectivity,30,64.75411283011832,47.54098601481244,65.0
connectivity,31,65.24591604119254,47.459018790444155,65.0
connectivity,32,65.73771925226676,47.37705156607587,65.0
connectivity,33,66.22952246334097,47.29508434170759,65.0
connectivity,34,66.72132567441517,47.21311711733931,65.0
connectivity,35,67.2131288854894,47.131149892971024,65.0
connectivity,36,67.7049320965636,47.04918266860275,65.0
connectivity,37,68.19673530763782,46.96721544423446,65.0
connectivity,38,68.68853851871204,46.88524821986618,65.0
connectivity,39,69.18034172978625,46.8032809954979,65.0
connectivity,40,69.67214494086045,46.721313771129616,65.0
connectivity,41,70.16394815193468,46.63934654676133,65.0
connectivity,42,70.65575136300889,46.55737932239305,65.0
connectivity,43,71.1475545740831,46.47541209802477,65.0
connectivity,44,71.63935778515732,46.393444873656485,65.0
connectivity,45,72.13116099623153,46.3114776492882,65.0
connectivity,46,72.62296420730574,46.22951042491992,65.0
connectivity,47,73.11476741837996,46.14754320055164,65.0
connectivity,48,73.60657062945417,46.065575976183354,65.0
connectivity,49,74.09837384052838,45.98360875181507,65.0
connectivity,50,74.5901770516026,45.90164152744679,65.0
connectivity,51,75.08198026267681,45.81967430307851,65.0
connectivity,52,75.57378347375102,45.73770707871022,65.0
connectivity,53,76.06558668482523,45.655739854341945,65.0
connectivity,54,76.55738989589945,45.57377262997366,65.0
connectivity,55,77.04919310697366,45.491805405605376,65.0
connectivity,56,77.54099631804787,45.40983818123709,65.0
connectivity,57,78.03279952912209,45.327870956868814,65.0
connectivity,58,78.5246027401963,45.24590373250053,65.0
connectivity,59,79.01640595127051,45.163936508132245,65.0
connectivity,60,79.50820916234473,45.08196928376397,65.0
connectivity,61,80.00001237341894,45.00000205939568,65.0
connectivity,62,80.49181558449315,44.9180348350274,65.0
connectivity,63,80.98361879556737,44.83606761065912,65.0
connectivity,64,81.47542200664158,44.75410038629084,65.0
connectivity,65,81.9672252177158,44.67213316192255,65.0
connectivity,66,82.45902842879002,44.59016593755427,65.0
connectivity,67,82.95083163986422,44.50819871318599,65.0
connectivity,68,83.44263485093843,44.426231488817706,65.0
connectivity,69,83.93443806201265,44.34426426444942,65.0
connectivity,70,84.42624127308686,44.262297040081144,65.0
connectivity,71,84.91804448416107,44.18032981571286,65.0
connectivity,72,85.40984769523529,44.098362591344575,65.0
connectivity,73,85.9016509063095,44.0163953669763,65.0
connectivity,74,86.39345411738371,43.93442814260801,65.0
connectivity,75,86.88525732845793,43.85246091823973,65.0
connectivity,76,87.37706053953215,43.770493693871444,65.0
connectivity,77,87.86886375060635,43.68852646950317,65.0
connectivity,78,88.36066696168058,43.60655924513488,65.0
connectivity,79,88.85247017275478,43.5245920207666,65.0
connectivity,80,89.34427338382899,43.44262479639832,65.0
connectivity,81,89.8360765949032,43.360657572030036,65.0
connectivity,82,90.32787980597742,43.27869034766175,65.0
connectivity,83,90.81968301705163,43.19672312329347,65.0
connectivity,84,91.31148622812586,43.11475589892519,65.0
connectivity,85,91.80328943920006,43.032788674556905,65.0
connectivity,86,92.29509265027428,42.95082145018862,65.0
connectivity,87,92.78689586134848,42.86885422582034,65.0
connectivity,88,93.27869907242271,42.78688700145206,65.0
connectivity,89,93.77050228349691,42.704919777083774,65.0
connectivity,90,94.26230549457114,42.62295255271549,65.0
connectivity,91,94.75410870564534,42.54098532834721,65.0
connectivity,92,95.24591191671956,42.45901810397893,65.0
connectivity,93,95.73771512779376,42.37705087961065,65.0
connectivity,94,96.22951833886799,42.295083655242365,65.0
connectivity,95,96.72132154994219,42.21311643087408,65.0
connectivity,96,97.21312476101642,42.131149206505796,65.0
connectivity,97,97.70492797209062,42.04918198213752,65.0
connectivity,98,98.19673118316484,41.967214757769234,65.0
connectivity,99,98.68853439423904,41.88524753340095,65.0
connectivity,100,99.18033760531327,41.80328030903267,65.0
connectivity,101,99.67214081638748,41.72131308466439,65.0
connectivity,102,100.1639440274617,41.6393458602961,65.0
connectivity,103,100.65574723853591,41.55737863592782,65.0
connectivity,104,101.14755044961012,41.47541141155954,65.0
connectivity,105,101.63935366068432,41.39344418719126,65.0
connectivity,106,102.13115687175855,41.31147696282297,65.0
connectivity,107,102.62296008283275,41.229509738454695,65.0
connectivity,108,103.11476329390698,41.14754251408641,65.0
connectivity,109,103.60656650498119,41.065575289718126,65.0
connectivity,110,104.0983697160554,40.98360806534984,65.0
connectivity,111,104.59017292712961,40.901640840981564,65.0
connectivity,112,105.08197613820383,40.81967361661328,65.0
connectivity,113,105.57377934927804,40.737706392244995,65.0
connectivity,114,106.06558256035225,40.65573916787672,65.0
connectivity,115,106.55738577142647,40.57377194350843,65.0
connectivity,116,107.04918898250068,40.49180471914015,65.0
connectivity,117,107.54099219357488,40.409837494771864,65.0
connectivity,118,108.03279540464911,40.32787027040359,65.0
connectivity,119,108.52459861572332,40.2459030460353,65.0
connectivity,120,109.01640182679753,40.163935821667025,65.0
connectivity,121,109.50820503787175,40.08196859729874,65.0
connectivity,122,110.00000824894596,40.000001372930456,65.0
connectivity,123,110.49181146002016,39.91803414856217,65.0
connectivity,124,110.98361467109439,39.83606692419389,65.0
connectivity,125,111.47541788216859,39.75409969982561,65.0
connectivity,126,111.96722109324281,39.672132475457325,65.0
connectivity,127,112.45902430431703,39.59016525108905,65.0
connectivity,128,112.95082751539124,39.50819802672076,65.0
connectivity,129,113.44263072646545,39.42623080235248,65.0
connectivity,130,113.93443393753967,39.344263577984194,65.0
connectivity,131,114.42623714861388,39.262296353615916,65.0
connectivity,132,114.9180403596881,39.18032912924763,65.0
connectivity,133,115.4098435707623,39.09836190487935,65.0
connectivity,134,115.90164678183653,39.01639468051107,65.0
connectivity,135,116.39344999291073,38.934427456142785,65.0
connectivity,136,116.88525320398495,38.8524602317745,65.0
connectivity,137,117.37705641505916,38.770493007406216,65.0
connectivity,138,117.86885962613337,38.68852578303794,65.0
connectivity,139,118.36066283720758,38.606558558669654,65.0
connectivity,140,118.8524660482818,38.52459133430138,65.0
connectivity,141,119.34426925935603,38.44262410993309,65.0
connectivity,142,119.83607247043022,38.36065688556481,65.0
connectivity,143,120.32787568150445,38.27868966119652,65.0
connectivity,144,120.81967889257865,38.19672243682824,65.0
connectivity,145,121.31148210365288,38.11475521245996,65.0
connectivity,146,121.80328531472708,38.03278798809168,65.0
connectivity,147,122.29508852580129,37.9508207637234,65.0
connectivity,148,122.7868917368755,37.868853539355115,65.0
connectivity,149,123.27869494794972,37.78688631498683,65.0
connectivity,150,123.77049815902394,37.704919090618546,65.0
connectivity,151,124.26230137009814,37.62295186625027,65.0
connectivity,152,124.75410458117237,37.540984641881984,65.0
connectivity,153,125.24590779224657,37.4590174175137,65.0
connectivity,154,125.7377110033208,37.377050193145415,65.0
connectivity,155,126.229514214395,37.29508296877714,65.0
connectivity,156,126.72131742546922,37.21311574440885,65.0
connectivity,157,127.21312063654344,37.13114852004057,65.0
connectivity,158,127.70492384761765,37.049181295672284,65.0
connectivity,159,128.19672705869186,36.96721407130401,65.0
connectivity,160,128.68853026976606,36.88524684693572,65.0
connectivity,161,129.1803334808403,36.803279622567445,65.0
connectivity,162,129.6721366919145,36.72131239819916,65.0
connectivity,163,130.16393990298872,36.639345173830876,65.0
connectivity,164,130.65574311406291,36.55737794946259,65.0
connectivity,165,131.14754632513714,36.47541072509431,65.0
connectivity,166,131.63934953621134,36.39344350072603,65.0
connectivity,167,132.13115274728557,36.311476276357745,65.0
connectivity,168,132.6229559583598,36.22950905198947,65.0
connectivity,169,133.114759169434,36.14754182762118,65.0
connectivity,170,133.6065623805082,36.0655746032529,65.0
connectivity,171,134.09836559158242,35.983607378884614,65.0
connectivity,172,134.59016880265665,35.901640154516336,65.0
connectivity,173,135.08197201373082,35.81967293014805,65.0
connectivity,174,135.57377522480505,35.73770570577977,65.0
connectivity,175,136.06557843587927,35.65573848141149,65.0
connectivity,176,136.5573816469535,35.573771257043205,65.0
connectivity,177,137.0491848580277,35.49180403267492,65.0
connectivity,178,137.5409880691019,35.409836808306636,65.0
connectivity,179,138.03279128017613,35.32786958393836,65.0
connectivity,180,138.52459449125035,35.245902359570074,65.0
connectivity,181,139.01639770232455,35.1639351352018,65.0
connectivity,182,139.50820091339875,35.08196791083351,65.0
connectivity,183,140.00000412447298,35.00000068646523,65.0
connectivity,184,140.4918073355472,34.91803346209694,65.0
connectivity,185,140.9836105466214,34.83606623772866,65.0
connectivity,186,141.4754137576956,34.75409901336038,65.0
connectivity,187,141.96721696876983,34.6721317889921,65.0
connectivity,188,142.45902017984406,34.59016456462382,65.0
connectivity,189,142.95082339091826,34.508197340255535,65.0
connectivity,190,143.44262660199246,34.42623011588725,65.0
connectivity,191,143.93442981306669,34.344262891518966,65.0
connectivity,192,144.4262330241409,34.26229566715069,65.0
connectivity,193,144.91803623521514,34.180328442782404,65.0
connectivity,194,145.4098394462893,34.09836121841412,65.0
connectivity,195,145.90164265736354,34.01639399404584,65.0
connectivity,196,146.39344586843777,33.93442676967756,65.0
connectivity,197,146.88524907951196,33.85245954530927,65.0
connectivity,198,147.37705229058616,33.77049232094099,65.0
connectivity,199,147.8688555016604,33.68852509657271,65.0
connectivity,200,148.36065871273462,33.60655787220443,65.0
connectivity,201,148.85246192380882,33.52459064783615,65.0
connectivity,202,149.34426513488305,33.442623423467865,65.0
connectivity,203,149.83606834595724,33.36065619909958,65.0
connectivity,204,150.32787155703147,33.278688974731296,65.0
connectivity,205,150.81967476810567,33.19672175036301,65.0
connectivity,206,151.3114779791799,33.11475452599473,65.0
connectivity,207,151.8032811902541,33.03278730162645,65.0
connectivity,208,152.29508440132832,32.95082007725817,65.0
connectivity,209,152.78688761240252,32.86885285288989,65.0
connectivity,210,153.27869082347672,32.7868856285216,65.0
connectivity,211,153.77049403455095,32.70491840415332,65.0
connectivity,212,154.26229724562518,32.622951179785034,65.0
connectivity,213,154.7541004566994,32.540983955416756,65.0
connectivity,214,155.24590366777358,32.45901673104847,65.0
connectivity,215,155.7377068788478,32.377049506680194,65.0
connectivity,216,156.22951008992203,32.29508228231191,65.0
connectivity,217,156.72131330099626,32.213115057943625,65.0
connectivity,218,157.21311651207046,32.13114783357534,65.0
connectivity,219,157.70491972314466,32.049180609207056,65.0
connectivity,220,158.19672293421888,31.96721338483878,65.0
connectivity,221,158.68852614529308,31.885246160470498,65.0
connectivity,222,159.1803293563673,31.803278936102213,65.0
connectivity,223,159.6721325674415,31.721311711733932,65.0
connectivity,224,160.16393577851574,31.639344487365648,65.0
connectivity,225,160.65573898958993,31.557377262997367,65.0
connectivity,226,161.14754220066416,31.475410038629082,65.0
connectivity,227,161.63934541173836,31.3934428142608,65.0
connectivity,228,162.1311486228126,31.311475589892517,65.0
connectivity,229,162.62295183388682,31.229508365524236,65.0
connectivity,230,163.11475504496102,31.14754114115595,65.0
connectivity,231,163.6065582560352,31.06557391678767,65.0
connectivity,232,164.09836146710944,30.98360669241939,65.0
connectivity,233,164.59016467818367,30.901639468051105,65.0
connectivity,234,165.08196788925784,30.819672243682824,65.0
connectivity,235,165.57377110033207,30.737705019314543,65.0
connectivity,236,166.0655743114063,30.65573779494626,65.0
connectivity,237,166.55737752248052,30.573770570577977,65.0
connectivity,238,167.04918073355472,30.491803346209696,65.0
connectivity,239,167.54098394462892,30.409836121841412,65.0
connectivity,240,168.03278715570315,30.32786889747313,65.0
connectivity,241,168.52459036677737,30.245901673104846,65.0
connectivity,242,169.01639357785157,30.163934448736565,65.0
connectivity,243,169.50819678892577,30.08196722436828,65.0
connectivity,244,170.0,30.0,65.0
connectivity,245,170.35087719298247,30.350877192982455,65.0
connectivity,246,170.7017543859649,30.70175438596491,65.0
connectivity,247,171.05263157894737,31.05263157894737,65.0
connectivity,248,171.40350877192984,31.403508771929825,65.0
connectivity,249,171.75438596491227,31.75438596491228,65.0
connectivity,250,172.10526315789474,32.10526315789474,65.0
connectivity,251,172.4561403508772,32.45614035087719,65.0
connectivity,252,172.80701754385964,32.80701754385965,65.0
connectivity,253,173.1578947368421,33.1578947368421,65.0
connectivity,254,173.50877192982455,33.50877192982456,65.0
connectivity,255,173.859649122807,33.859649122807014,65.0
connectivity,256,174.21052631578948,34.21052631578947,65.0
connectivity,257,174.56140350877192,34.56140350877193,65.0
connectivity,258,174.91228070175438,34.91228070175438,65.0
connectivity,259,175.26315789473685,35.26315789473684,65.0
connectivity,260,175.6140350877193,35.6140350877193,65.0
connectivity,261,175.96491228070175,35.96491228070175,65.0
connectivity,262,176.31578947368422,36.31578947368421,65.0
connectivity,263,176.66666666666666,36.666666666666664,65.0
connectivity,264,177.01754385964912,37.01754385964912,65.0
connectivity,265,177.3684210526316,37.368421052631575,65.0
connectivity,266,177.71929824561403,37.719298245614034,65.0
connectivity,267,178.0701754385965,38.07017543859649,65.0
connectivity,268,178.42105263157896,38.421052631578945,65.0
connectivity,269,178.7719298245614,38.771929824561404,65.0
connectivity,270,179.12280701754386,39.12280701754386,65.0
connectivity,271,179.4736842105263,39.473684210526315,65.0
connectivity,272,179.82456140350877,39.82456140350877,65.0
connectivity,273,180.17543859649123,40.17543859649123,65.0
connectivity,274,180.52631578947367,40.526315789473685,65.0
connectivity,275,180.87719298245614,40.87719298245614,65.0
connectivity,276,181.2280701754386,41.228070175438596,65.0
connectivity,277,181.57894736842104,41.578947368421055,65.0
connectivity,278,181.9298245614035,41.92982456140351,65.0
connectivity,279,182.28070175438597,42.280701754385966,65.0
connectivity,280,182.6315789473684,42.631578947368425,65.0
connectivity,281,182.98245614035088,42.98245614035088,65.0
connectivity,282,183.33333333333334,43.33333333333333,65.0
connectivity,283,183.68421052631578,43.68421052631579,65.0
connectivity,284,184.03508771929825,44.03508771929825,65.0
connectivity,285,184.3859649122807,44.3859649122807,65.0
connectivity,286,184.73684210526315,44.73684210526316,65.0
connectivity,287,185.08771929824562,45.08771929824562,65.0
connectivity,288,185.43859649122805,45.43859649122807,65.0
connectivity,289,185.78947368421052,45.78947368421053,65.0
connectivity,290,186.140350877193,46.140350877192986,65.0
connectivity,291,186.49122807017545,46.49122807017544,65.0
connectivity,292,186.8421052631579,46.84210526315789,65.0
connectivity,293,187.19298245614036,47.19298245614035,65.0
connectivity,294,187.5438596491228,47.54385964912281,65.0
connectivity,295,187.89473684210526,47.89473684210526,65.0
connectivity,296,188.24561403508773,48.24561403508772,65.0
connectivity,297,188.59649122807016,48.59649122807018,65.0
connectivity,298,188.94736842105263,48.94736842105263,65.0
connectivity,299,189.2982456140351,49.29824561403509,65.0
connectivity,300,189.64912280701753,49.64912280701754,65.0
connectivity,301,190.0,50.0,65.0
connectivity,302,190.12121212121212,50.484848484848484,65.0
connectivity,303,190.24242424242425,50.96969696969697,65.0
connectivity,304,190.36363636363637,51.45454545454545,65.0
connectivity,305,190.4848484848485,51.93939393939394,65.0
connectivity,306,190.6060606060606,52.42424242424242,65.0
connectivity,307,190.72727272727272,52.90909090909091,65.0
connectivity,308,190.84848484848484,53.39393939393939,65.0
connectivity,309,190.96969696969697,53.878787878787875,65.0
connectivity,310,191.0909090909091,54.36363636363636,65.0
connectivity,311,191.21212121212122,54.84848484848485,65.0
connectivity,312,191.33333333333334,55.333333333333336,65.0
connectivity,313,191.45454545454547,55.81818181818182,65.0
connectivity,314,191.57575757575756,56.303030303030305,65.0
connectivity,315,191.6969696969697,56.78787878787879,65.0
connectivity,316,191.8181818181818,57.27272727272727,65.0
connectivity,317,191.93939393939394,57.75757575757576,65.0
connectivity,318,192.06060606060606,58.24242424242424,65.0
connectivity,319,192.1818181818182,58.72727272727273,65.0
connectivity,320,192.3030303030303,59.21212121212121,65.0
connectivity,321,192.42424242424244,59.696969696969695,65.0
connectivity,322,192.54545454545453,60.18181818181818,65.0
connectivity,323,192.66666666666666,60.666666666666664,65.0
connectivity,324,192.78787878787878,61.151515151515156,65.0
connectivity,325,192.9090909090909,61.63636363636364,65.0
connectivity,326,193.03030303030303,62.121212121212125,65.0
connectivity,327,193.15151515151516,62.60606060606061,65.0
connectivity,328,193.27272727272728,63.09090909090909,65.0
connectivity,329,193.3939393939394,63.57575757575758,65.0
connectivity,330,193.5151515151515,64.06060606060606,65.0
connectivity,331,193.63636363636363,64.54545454545455,65.0
connectivity,332,193.75757575757575,65.03030303030303,65.0
connectivity,333,193.87878787878788,65.51515151515152,65.0
connectivity,334,194.0,66.0,65.0
connectivity,335,194.12121212121212,66.48484848484848,65.0
connectivity,336,194.24242424242425,66.96969696969697,65.0
connectivity,337,194.36363636363637,67.45454545454545,65.0
connectivity,338,194.4848484848485,67.93939393939394,65.0
connectivity,339,194.6060606060606,68.42424242424242,65.0
connectivity,340,194.72727272727272,68.9090909090909,65.0
connectivity,341,194.84848484848484,69.39393939393939,65.0
connectivity,342,194.96969696969697,69.87878787878788,65.0
connectivity,343,195.0909090909091,70.36363636363636,65.0
connectivity,344,195.21212121212122,70.84848484848484,65.0
connectivity,345,195.33333333333334,71.33333333333333,65.0
connectivity,346,195.45454545454547,71.81818181818181,65.0
connectivity,347,195.57575757575756,72.30303030303031,65.0
connectivity,348,195.6969696969697,72.78787878787878,65.0
connectivity,349,195.8181818181818,73.27272727272728,65.0
connectivity,350,195.93939393939394,73.75757575757575,65.0
connectivity,351,196.06060606060606,74.24242424242425,65.0
connectivity,352,196.1818181818182,74.72727272727272,65.0
connectivity,353,196.3030303030303,75.21212121212122,65.0
connectivity,354,196.42424242424244,75.6969696969697,65.0
connectivity,355,196.54545454545453,76.18181818181819,65.0
connectivity,356,196.66666666666666,76.66666666666666,65.0
connectivity,357,196.78787878787878,77.15151515151516,65.0
connectivity,358,196.9090909090909,77.63636363636364,65.0
connectivity,359,197.03030303030303,78.12121212121212,65.0
connectivity,360,197.15151515151516,78.60606060606061,65.0
connectivity,361,197.27272727272728,79.0909090909091,65.0
connectivity,362,197.3939393939394,79.57575757575758,65.0
connectivity,363,197.5151515151515,80.06060606060606,65.0
connectivity,364,197.63636363636363,80.54545454545455,65.0
connectivity,365,197.75757575757575,81.03030303030303,65.0
connectivity,366,197.87878787878788,81.51515151515152,65.0
connectivity,367,198.0,82.0,65.0
connectivity,368,198.12121212121212,82.48484848484848,65.0
connectivity,369,198.24242424242425,82.96969696969697,65.0
connectivity,370,198.36363636363637,83.45454545454545,65.0
connectivity,371,198.4848484848485,83.93939393939394,65.0
connectivity,372,198.6060606060606,84.42424242424242,65.0
connectivity,373,198.72727272727272,84.9090909090909,65.0
connectivity,374,198.84848484848484,85.3939393939394,65.0
connectivity,375,198.96969696969697,85.87878787878788,65.0
connectivity,376,199.0909090909091,86.36363636363636,65.0
connectivity,377,199.21212121212122,86.84848484848484,65.0
connectivity,378,199.33333333333334,87.33333333333334,65.0
connectivity,379,199.45454545454547,87.81818181818181,65.0
connectivity,380,199.57575757575756,88.3030303030303,65.0
connectivity,381,199.6969696969697,88.78787878787878,65.0
connectivity,382,199.8181818181818,89.27272727272728,65.0
connectivity,383,199.93939393939394,89.75757575757575,65.0
connectivity,384,200.06060606060606,90.24242424242425,65.0
connectivity,385,200.1818181818182,90.72727272727272,65.0
connectivity,386,200.3030303030303,91.21212121212122,65.0
connectivity,387,200.42424242424244,91.6969696969697,65.0
connectivity,388,200.54545454545453,92.18181818181819,65.0
connectivity,389,200.66666666666666,92.66666666666666,65.0
connectivity,390,200.78787878787878,93.15151515151516,65.0
connectivity,391,200.9090909090909,93.63636363636363,65.0
connectivity,392,201.03030303030303,94.12121212121212,65.0
connectivity,393,201.15151515151516,94.60606060606061,65.0
connectivity,394,201.27272727272728,95.0909090909091,65.0
connectivity,395,201.3939393939394,95.57575757575758,65.0
connectivity,396,201.5151515151515,96.06060606060606,65.0
connectivity,397,201.63636363636363,96.54545454545455,65.0
connectivity,398,201.75757575757575,97.03030303030303,65.0
connectivity,399,201.87878787878788,97.51515151515152,65.0
connectivity,400,202.0,98.0,65.0
connectivity,401,202.12121212121212,98.48484848484848,65.0
connectivity,402,202.24242424242425,98.96969696969697,65.0
connectivity,403,202.36363636363637,99.45454545454545,65.0
connectivity,404,202.4848484848485,99.93939393939394,65.0
connectivity,405,202.6060606060606,100.42424242424242,65.0
connectivity,406,202.72727272727272,100.9090909090909,65.0
connectivity,407,202.84848484848484,101.3939393939394,65.0
connectivity,408,202.96969696969697,101.87878787878788,65.0
connectivity,409,203.0909090909091,102.36363636363636,65.0
connectivity,410,203.21212121212122,102.84848484848484,65.0
connectivity,411,203.33333333333334,103.33333333333333,65.0
connectivity,412,203.45454545454547,103.81818181818181,65.0
connectivity,413,203.57575757575756,104.30303030303031,65.0
connectivity,414,203.6969696969697,104.78787878787878,65.0
connectivity,415,203.8181818181818,105.27272727272728,65.0
connectivity,416,203.93939393939394,105.75757575757576,65.0
connectivity,417,204.06060606060606,106.24242424242425,65.0
connectivity,418,204.1818181818182,106.72727272727272,65.0
connectivity,419,204.3030303030303,107.21212121212122,65.0
connectivity,420,204.42424242424244,107.69696969696969,65.0
connectivity,421,204.54545454545456,108.18181818181819,65.0
connectivity,422,204.66666666666666,108.66666666666666,65.0
connectivity,423,204.78787878787878,109.15151515151516,65.0
connectivity,424,204.9090909090909,109.63636363636364,65.0
connectivity,425,205.03030303030303,110.12121212121212,65.0
connectivity,426,205.15151515151516,110.60606060606061,65.0
connectivity,427,205.27272727272728,111.0909090909091,65.0
connectivity,428,205.3939393939394,111.57575757575756,65.0
connectivity,429,205.5151515151515,112.06060606060606,65.0
connectivity,430,205.63636363636363,112.54545454545455,65.0
connectivity,431,205.75757575757575,113.03030303030303,65.0
connectivity,432,205.87878787878788,113.51515151515152,65.0
connectivity,433,206.0,114.0,65.0
connectivity,434,206.12121212121212,114.48484848484848,65.0
connectivity,435,206.24242424242425,114.96969696969697,65.0
connectivity,436,206.36363636363637,115.45454545454545,65.0
connectivity,437,206.4848484848485,115.93939393939394,65.0
connectivity,438,206.6060606060606,116.42424242424242,65.0
connectivity,439,206.72727272727272,116.9090909090909,65.0
connectivity,440,206.84848484848484,117.39393939393939,65.0
connectivity,441,206.96969696969697,117.87878787878788,65.0
connectivity,442,207.0909090909091,118.36363636363636,65.0
connectivity,443,207.21212121212122,118.84848484848484,65.0
connectivity,444,207.33333333333334,119.33333333333334,65.0
connectivity,445,207.45454545454544,119.81818181818181,65.0
connectivity,446,207.57575757575756,120.3030303030303,65.0
connectivity,447,207.6969696969697,120.7878787878788,65.0
connectivity,448,207.8181818181818,121.27272727272727,65.0
connectivity,449,207.93939393939394,121.75757575757575,65.0
connectivity,450,208.06060606060606,122.24242424242425,65.0
connectivity,451,208.1818181818182,122.72727272727272,65.0
connectivity,452,208.3030303030303,123.21212121212122,65.0
connectivity,453,208.42424242424244,123.6969696969697,65.0
connectivity,454,208.54545454545456,124.18181818181819,65.0
connectivity,455,208.66666666666666,124.66666666666667,65.0
connectivity,456,208.78787878787878,125.15151515151516,65.0
connectivity,457,208.9090909090909,125.63636363636364,65.0
connectivity,458,209.03030303030303,126.12121212121212,65.0
connectivity,459,209.15151515151516,126.6060606060606,65.0
connectivity,460,209.27272727272728,127.0909090909091,65.0
connectivity,461,209.3939393939394,127.57575757575758,65.0
connectivity,462,209.5151515151515,128.06060606060606,65.0
connectivity,463,209.63636363636363,128.54545454545456,65.0
connectivity,464,209.75757575757575,129.03030303030303,65.0
connectivity,465,209.87878787878788,129.5151515151515,65.0
connectivity,466,210.0,130.0,65.0
connectivity,467,210.28629856850716,130.40899795501022,65.0
connectivity,468,210.57259713701433,130.81799591002044,65.0
connectivity,469,210.85889570552146,131.22699386503066,65.0
connectivity,470,211.14519427402863,131.6359918200409,65.0
connectivity,471,211.4314928425358,132.04498977505114,65.0
connectivity,472,211.71779141104295,132.45398773006136,65.0
connectivity,473,212.00408997955012,132.86298568507158,65.0
connectivity,474,212.29038854805725,133.2719836400818,65.0
connectivity,475,212.57668711656441,133.68098159509202,65.0
connectivity,476,212.86298568507158,134.08997955010224,65.0
connectivity,477,213.14928425357874,134.49897750511246,65.0
connectivity,478,213.43558282208588,134.9079754601227,65.0
connectivity,479,213.72188139059304,135.31697341513294,65.0
connectivity,480,214.0081799591002,135.72597137014316,65.0
connectivity,481,214.29447852760737,136.13496932515338,65.0
connectivity,482,214.58077709611453,136.5439672801636,65.0
connectivity,483,214.86707566462167,136.95296523517382,65.0
connectivity,484,215.15337423312883,137.36196319018404,65.0
connectivity,485,215.439672801636,137.77096114519426,65.0
connectivity,486,215.72597137014316,138.17995910020448,65.0
connectivity,487,216.01226993865032,138.58895705521473,65.0
connectivity,488,216.29856850715746,138.99795501022496,65.0
connectivity,489,216.58486707566462,139.40695296523518,65.0
connectivity,490,216.87116564417178,139.8159509202454,65.0
connectivity,491,217.15746421267895,140.22494887525562,65.0
connectivity,492,217.44376278118608,140.63394683026584,65.0
connectivity,493,217.73006134969324,141.04294478527606,65.0
connectivity,494,218.0163599182004,141.4519427402863,65.0
connectivity,495,218.30265848670757,141.86094069529653,65.0
connectivity,496,218.58895705521473,142.26993865030676,65.0
connectivity,497,218.87525562372187,142.67893660531698,65.0
connectivity,498,219.16155419222903,143.0879345603272,65.0
connectivity,499,219.4478527607362,143.49693251533742,65.0
connectivity,500,219.73415132924336,143.90593047034764,65.0
connectivity,501,220.02044989775052,144.31492842535786,65.0
connectivity,502,220.30674846625766,144.72392638036808,65.0
connectivity,503,220.59304703476482,145.13292433537833,65.0
connectivity,504,220.879345603272,145.54192229038856,65.0
connectivity,505,221.16564417177915,145.95092024539878,65.0
connectivity,506,221.4519427402863,146.359918200409,65.0
connectivity,507,221.73824130879345,146.76891615541922,65.0
connectivity,508,222.0245398773006,147.17791411042944,65.0
connectivity,509,222.31083844580778,147.58691206543966,65.0
connectivity,510,222.59713701431494,147.9959100204499,65.0
connectivity,511,222.88343558282207,148.40490797546013,65.0
connectivity,512,223.16973415132924,148.81390593047036,65.0
connectivity,513,223.4560327198364,149.22290388548058,65.0
connectivity,514,223.74233128834356,149.6319018404908,65.0
connectivity,515,224.02862985685073,150.04089979550102,65.0
connectivity,516,224.31492842535786,150.44989775051124,65.0
connectivity,517,224.60122699386503,150.85889570552146,65.0
connectivity,518,224.8875255623722,151.26789366053168,65.0
connectivity,519,225.17382413087935,151.67689161554193,65.0
connectivity,520,225.4601226993865,152.08588957055215,65.0
connectivity,521,225.74642126789365,152.49488752556238,65.0
connectivity,522,226.03271983640082,152.9038854805726,65.0
connectivity,523,226.31901840490798,153.31288343558282,65.0
connectivity,524,226.60531697341514,153.72188139059304,65.0
connectivity,525,226.8916155419223,154.13087934560326,65.0
connectivity,526,227.17791411042944,154.5398773006135,65.0
connectivity,527,227.4642126789366,154.94887525562373,65.0
connectivity,528,227.75051124744377,155.35787321063395,65.0
connectivity,529,228.03680981595093,155.76687116564418,65.0
connectivity,530,228.32310838445807,156.1758691206544,65.0
connectivity,531,228.60940695296523,156.58486707566462,65.0
connectivity,532,228.8957055214724,156.99386503067484,65.0
connectivity,533,229.18200408997956,157.40286298568506,65.0
connectivity,534,229.46830265848672,157.81186094069528,65.0
connectivity,535,229.75460122699386,158.22085889570553,65.0
connectivity,536,230.04089979550102,158.62985685071575,65.0
connectivity,537,230.32719836400818,159.03885480572598,65.0
connectivity,538,230.61349693251535,159.4478527607362,65.0
connectivity,539,230.89979550102248,159.85685071574642,65.0
connectivity,540,231.18609406952964,160.26584867075664,65.0
connectivity,541,231.4723926380368,160.67484662576686,65.0
connectivity,542,231.75869120654397,161.0838445807771,65.0
connectivity,543,232.04498977505114,161.4928425357873,65.0
connectivity,544,232.33128834355827,161.90184049079755,65.0
connectivity,545,232.61758691206543,162.31083844580778,65.0
connectivity,546,232.9038854805726,162.719836400818,65.0
connectivity,547,233.19018404907976,163.12883435582822,65.0
connectivity,548,233.4764826175869,163.53783231083844,65.0
connectivity,549,233.76278118609406,163.94683026584866,65.0
connectivity,550,234.04907975460122,164.35582822085888,65.0
connectivity,551,234.3353783231084,164.76482617586913,65.0
connectivity,552,234.62167689161555,165.17382413087935,65.0
connectivity,553,234.9079754601227,165.58282208588957,65.0
connectivity,554,235.19427402862985,165.9918200408998,65.0
connectivity,555,235.480572597137,166.40081799591002,65.0
connectivity,556,235.76687116564418,166.80981595092024,65.0
connectivity,557,236.05316973415134,167.21881390593046,65.0
connectivity,558,236.33946830265847,167.6278118609407,65.0
connectivity,559,236.62576687116564,168.03680981595093,65.0
connectivity,560,236.9120654396728,168.44580777096115,65.0
connectivity,561,237.19836400817996,168.85480572597137,65.0
connectivity,562,237.48466257668713,169.2638036809816,65.0
connectivity,563,237.77096114519426,169.67280163599182,65.0
connectivity,564,238.05725971370143,170.08179959100204,65.0
connectivity,565,238.3435582822086,170.49079754601226,65.0
connectivity,566,238.62985685071575,170.89979550102248,65.0
connectivity,567,238.91615541922292,171.30879345603273,65.0
connectivity,568,239.20245398773005,171.71779141104295,65.0
connectivity,569,239.48875255623722,172.12678936605317,65.0
connectivity,570,239.77505112474438,172.5357873210634,65.0
connectivity,571,240.06134969325154,172.94478527607362,65.0
connectivity,572,240.34764826175868,173.35378323108384,65.0
connectivity,573,240.63394683026584,173.76278118609406,65.0
connectivity,574,240.920245398773,174.1717791411043,65.0
connectivity,575,241.20654396728017,174.58077709611453,65.0
connectivity,576,241.4928425357873,174.98977505112475,65.0
connectivity,577,241.77914110429447,175.39877300613497,65.0
connectivity,578,242.06543967280163,175.8077709611452,65.0
connectivity,579,242.3517382413088,176.21676891615542,65.0
connectivity,580,242.63803680981596,176.62576687116564,65.0
connectivity,581,242.92433537832312,177.03476482617586,65.0
connectivity,582,243.21063394683026,177.44376278118608,65.0
connectivity,583,243.49693251533742,177.85276073619633,65.0
connectivity,584,243.78323108384458,178.26175869120655,65.0
connectivity,585,244.06952965235175,178.67075664621677,65.0
connectivity,586,244.35582822085888,179.079754601227,65.0
connectivity,587,244.64212678936605,179.48875255623722,65.0
connectivity,588,244.9284253578732,179.89775051124744,65.0
connectivity,589,245.21472392638037,180.30674846625766,65.0
connectivity,590,245.50102249488754,180.7157464212679,65.0
connectivity,591,245.7873210633947,181.1247443762781,65.0
connectivity,592,246.07361963190183,181.53374233128835,65.0
connectivity,593,246.359918200409,181.94274028629857,65.0
connectivity,594,246.64621676891616,182.3517382413088,65.0
connectivity,595,246.9325153374233,182.76073619631902,65.0
connectivity,596,247.21881390593046,183.16973415132924,65.0
connectivity,597,247.50511247443762,183.57873210633946,65.0
connectivity,598,247.7914110429448,183.98773006134968,65.0
connectivity,599,248.07770961145195,184.39672801635993,65.0
connectivity,600,248.36400817995911,184.80572597137015,65.0
connectivity,601,248.65030674846625,185.21472392638037,65.0
connectivity,602,248.9366053169734,185.6237218813906,65.0
connectivity,603,249.22290388548058,186.03271983640082,65.0
connectivity,604,249.5092024539877,186.44171779141104,65.0
connectivity,605,249.79550102249488,186.85071574642126,65.0
connectivity,606,250.08179959100204,187.2597137014315,65.0
connectivity,607,250.3680981595092,187.6687116564417,65.0
connectivity,608,250.65439672801637,188.07770961145195,65.0
connectivity,609,250.94069529652353,188.48670756646217,65.0
connectivity,610,251.2269938650307,188.8957055214724,65.0
connectivity,611,251.51329243353783,189.30470347648262,65.0
connectivity,612,251.799591002045,189.71370143149284,65.0
connectivity,613,252.08588957055215,190.12269938650306,65.0
connectivity,614,252.3721881390593,190.53169734151328,65.0
connectivity,615,252.65848670756645,190.94069529652353,65.0
connectivity,616,252.94478527607362,191.34969325153375,65.0
connectivity,617,253.23108384458078,191.75869120654397,65.0
connectivity,618,253.51738241308794,192.1676891615542,65.0
connectivity,619,253.8036809815951,192.57668711656441,65.0
connectivity,620,254.08997955010224,192.98568507157464,65.0
connectivity,621,254.3762781186094,193.39468302658486,65.0
connectivity,622,254.66257668711657,193.8036809815951,65.0
connectivity,623,254.9488752556237,194.2126789366053,65.0
connectivity,624,255.23517382413087,194.62167689161555,65.0
connectivity,625,255.52147239263803,195.03067484662577,65.0
connectivity,626,255.8077709611452,195.439672801636,65.0
connectivity,627,256.09406952965236,195.84867075664621,65.0
connectivity,628,256.3803680981595,196.25766871165644,65.0
connectivity,629,256.6666666666667,196.66666666666666,65.0
connectivity,630,256.9529652351738,197.07566462167688,65.0
connectivity,631,257.23926380368096,197.48466257668713,65.0
connectivity,632,257.5255623721881,197.89366053169732,65.0
connectivity,633,257.8118609406953,198.30265848670757,65.0
connectivity,634,258.09815950920245,198.7116564417178,65.0
connectivity,635,258.3844580777096,199.120654396728,65.0
connectivity,636,258.6707566462168,199.52965235173824,65.0
connectivity,637,258.95705521472394,199.93865030674846,65.0
connectivity,638,259.2433537832311,200.3476482617587,65.0
connectivity,639,259.52965235173826,200.7566462167689,65.0
connectivity,640,259.8159509202454,201.16564417177915,65.0
connectivity,641,260.10224948875253,201.57464212678937,65.0
connectivity,642,260.3885480572597,201.9836400817996,65.0
connectivity,643,260.67484662576686,202.3926380368098,65.0
connectivity,644,260.961145194274,202.80163599182004,65.0
connectivity,645,261.2474437627812,203.21063394683026,65.0
connectivity,646,261.53374233128835,203.61963190184048,65.0
connectivity,647,261.8200408997955,204.02862985685073,65.0
connectivity,648,262.1063394683027,204.43762781186092,65.0
connectivity,649,262.3926380368098,204.84662576687117,65.0
connectivity,650,262.67893660531695,205.2556237218814,65.0
connectivity,651,262.9652351738241,205.6646216768916,65.0
connectivity,652,263.2515337423313,206.07361963190186,65.0
connectivity,653,263.53783231083844,206.48261758691206,65.0
connectivity,654,263.8241308793456,206.8916155419223,65.0
connectivity,655,264.11042944785277,207.3006134969325,65.0
connectivity,656,264.39672801635993,207.70961145194275,65.0
connectivity,657,264.6830265848671,208.11860940695297,65.0
connectivity,658,264.96932515337426,208.5276073619632,65.0
connectivity,659,265.2556237218814,208.9366053169734,65.0
connectivity,660,265.5419222903885,209.34560327198363,65.0
connectivity,661,265.8282208588957,209.75460122699386,65.0
connectivity,662,266.11451942740285,210.16359918200408,65.0
connectivity,663,266.40081799591,210.57259713701433,65.0
connectivity,664,266.6871165644172,210.98159509202452,65.0
connectivity,665,266.97341513292434,211.39059304703477,65.0
connectivity,666,267.2597137014315,211.799591002045,65.0
connectivity,667,267.5460122699387,212.2085889570552,65.0
connectivity,668,267.83231083844584,212.61758691206546,65.0
connectivity,669,268.11860940695294,213.02658486707566,65.0
connectivity,670,268.4049079754601,213.4355828220859,65.0
connectivity,671,268.69120654396727,213.8445807770961,65.0
connectivity,672,268.97750511247443,214.25357873210635,65.0
connectivity,673,269.2638036809816,214.66257668711657,65.0
connectivity,674,269.55010224948876,215.0715746421268,65.0
connectivity,675,269.8364008179959,215.480572597137,65.0
connectivity,676,270.1226993865031,215.88957055214723,65.0
connectivity,677,270.40899795501025,216.29856850715748,65.0
connectivity,678,270.69529652351736,216.70756646216768,65.0
connectivity,679,270.9815950920245,217.11656441717793,65.0
connectivity,680,271.2678936605317,217.52556237218812,65.0
connectivity,681,271.55419222903885,217.93456032719837,65.0
connectivity,682,271.840490797546,218.3435582822086,65.0
connectivity,683,272.1267893660532,218.7525562372188,65.0
connectivity,684,272.41308793456034,219.16155419222906,65.0
connectivity,685,272.6993865030675,219.57055214723925,65.0
connectivity,686,272.9856850715746,219.9795501022495,65.0
connectivity,687,273.27198364008177,220.3885480572597,65.0
connectivity,688,273.55828220858893,220.79754601226995,65.0
connectivity,689,273.8445807770961,221.20654396728017,65.0
connectivity,690,274.13087934560326,221.6155419222904,65.0
connectivity,691,274.4171779141104,222.0245398773006,65.0
connectivity,692,274.7034764826176,222.43353783231083,65.0
connectivity,693,274.98977505112475,222.84253578732108,65.0
connectivity,694,275.2760736196319,223.25153374233128,65.0
connectivity,695,275.5623721881391,223.66053169734153,65.0
connectivity,696,275.84867075664624,224.06952965235172,65.0
connectivity,697,276.1349693251534,224.47852760736197,65.0
connectivity,698,276.4212678936605,224.8875255623722,65.0
connectivity,699,276.7075664621677,225.2965235173824,65.0
connectivity,700,276.99386503067484,225.70552147239266,65.0
connectivity,701,277.280163599182,226.11451942740285,65.0
connectivity,702,277.56646216768917,226.5235173824131,65.0
connectivity,703,277.85276073619633,226.9325153374233,65.0
connectivity,704,278.1390593047035,227.34151329243355,65.0
connectivity,705,278.4253578732106,227.75051124744377,65.0
connectivity,706,278.71165644171776,228.159509202454,65.0
connectivity,707,278.9979550102249,228.5685071574642,65.0
connectivity,708,279.2842535787321,228.97750511247443,65.0
connectivity,709,279.57055214723925,229.38650306748468,65.0
connectivity,710,279.8568507157464,229.79550102249488,65.0
connectivity,711,280.1431492842536,230.20449897750512,65.0
connectivity,712,280.42944785276075,230.61349693251532,65.0
connectivity,713,280.7157464212679,231.02249488752557,65.0
connectivity,714,281.0020449897751,231.4314928425358,65.0
connectivity,715,281.28834355828224,231.840490797546,65.0
connectivity,716,281.5746421267894,232.24948875255623,65.0
connectivity,717,281.8609406952965,232.65848670756645,65.0
connectivity,718,282.14723926380367,233.0674846625767,65.0
connectivity,719,282.43353783231083,233.4764826175869,65.0
connectivity,720,282.719836400818,233.88548057259715,65.0
connectivity,721,283.00613496932516,234.29447852760734,65.0
connectivity,722,283.2924335378323,234.7034764826176,65.0
connectivity,723,283.5787321063395,235.1124744376278,65.0
connectivity,724,283.8650306748466,235.52147239263803,65.0
connectivity,725,284.15132924335376,235.93047034764828,65.0
connectivity,726,284.4376278118609,236.33946830265847,65.0
connectivity,727,284.7239263803681,236.74846625766872,65.0
connectivity,728,285.01022494887525,237.15746421267892,65.0
connectivity,729,285.2965235173824,237.56646216768917,65.0
connectivity,730,285.5828220858896,237.9754601226994,65.0
connectivity,731,285.86912065439674,238.3844580777096,65.0
connectivity,732,286.1554192229039,238.79345603271983,65.0
connectivity,733,286.44171779141107,239.20245398773005,65.0
connectivity,734,286.72801635991823,239.6114519427403,65.0
connectivity,735,287.01431492842534,240.0204498977505,65.0
connectivity,736,287.3006134969325,240.42944785276075,65.0
connectivity,737,287.58691206543966,240.83844580777094,65.0
connectivity,738,287.8732106339468,241.2474437627812,65.0
connectivity,739,288.159509202454,241.6564417177914,65.0
connectivity,740,288.44580777096115,242.06543967280163,65.0
connectivity,741,288.7321063394683,242.47443762781188,65.0
connectivity,742,289.0184049079754,242.88343558282207,65.0
connectivity,743,289.3047034764826,243.29243353783232,65.0
connectivity,744,289.59100204498975,243.70143149284252,65.0
connectivity,745,289.8773006134969,244.11042944785277,65.0
connectivity,746,290.1635991820041,244.519427402863,65.0
connectivity,747,290.44989775051124,244.9284253578732,65.0
connectivity,748,290.7361963190184,245.33742331288343,65.0
connectivity,749,291.02249488752557,245.74642126789365,65.0
connectivity,750,291.30879345603273,246.1554192229039,65.0
connectivity,751,291.5950920245399,246.5644171779141,65.0
connectivity,752,291.88139059304706,246.97341513292434,65.0
connectivity,753,292.1676891615542,247.38241308793454,65.0
connectivity,754,292.4539877300614,247.7914110429448,65.0
connectivity,755,292.7402862985685,248.200408997955,65.0
connectivity,756,293.02658486707566,248.60940695296523,65.0
connectivity,757,293.3128834355828,249.01840490797548,65.0
connectivity,758,293.59918200409,249.42740286298567,65.0
connectivity,759,293.88548057259715,249.83640081799592,65.0
connectivity,760,294.1717791411043,250.24539877300612,65.0
connectivity,761,294.4580777096115,250.65439672801637,65.0
connectivity,762,294.7443762781186,251.0633946830266,65.0
connectivity,763,295.03067484662574,251.4723926380368,65.0
connectivity,764,295.3169734151329,251.88139059304703,65.0
connectivity,765,295.60327198364007,252.29038854805725,65.0
connectivity,766,295.88957055214723,252.6993865030675,65.0
connectivity,767,296.1758691206544,253.1083844580777,65.0
connectivity,768,296.46216768916156,253.51738241308794,65.0
connectivity,769,296.7484662576687,253.92638036809814,65.0
connectivity,770,297.0347648261759,254.3353783231084,65.0
connectivity,771,297.32106339468305,254.7443762781186,65.0
connectivity,772,297.6073619631902,255.15337423312883,65.0
connectivity,773,297.8936605316973,255.56237218813908,65.0
connectivity,774,298.1799591002045,255.97137014314927,65.0
connectivity,775,298.46625766871165,256.3803680981595,65.0
connectivity,776,298.7525562372188,256.7893660531697,65.0
connectivity,777,299.038854805726,257.19836400817996,65.0
connectivity,778,299.32515337423314,257.6073619631902,65.0
connectivity,779,299.6114519427403,258.0163599182004,65.0
connectivity,780,299.8977505112474,258.4253578732106,65.0
connectivity,781,300.1840490797546,258.83435582822085,65.0
connectivity,782,300.47034764826174,259.2433537832311,65.0
connectivity,783,300.7566462167689,259.6523517382413,65.0
connectivity,784,301.04294478527606,260.06134969325154,65.0
connectivity,785,301.3292433537832,260.47034764826174,65.0
connectivity,786,301.6155419222904,260.879345603272,65.0
connectivity,787,301.90184049079755,261.28834355828224,65.0
connectivity,788,302.1881390593047,261.69734151329243,65.0
connectivity,789,302.4744376278119,262.1063394683026,65.0
connectivity,790,302.76073619631904,262.5153374233129,65.0
connectivity,791,303.0470347648262,262.9243353783231,65.0
connectivity,792,303.3333333333333,263.3333333333333,65.0
connectivity,793,303.6196319018405,263.74233128834356,65.0
connectivity,794,303.90593047034764,264.15132924335376,65.0
connectivity,795,304.1922290388548,264.560327198364,65.0
connectivity,796,304.47852760736197,264.96932515337426,65.0
connectivity,797,304.76482617586913,265.3783231083845,65.0
connectivity,798,305.0511247443763,265.78732106339464,65.0
connectivity,799,305.3374233128834,266.1963190184049,65.0
connectivity,800,305.62372188139057,266.60531697341514,65.0
connectivity,801,305.91002044989773,267.0143149284254,65.0
connectivity,802,306.1963190184049,267.4233128834356,65.0
connectivity,803,306.48261758691206,267.8323108384458,65.0
connectivity,804,306.7689161554192,268.241308793456,65.0
connectivity,805,307.0552147239264,268.6503067484663,65.0
connectivity,806,307.34151329243355,269.05930470347647,65.0
connectivity,807,307.6278118609407,269.4683026584867,65.0
connectivity,808,307.9141104294479,269.8773006134969,65.0
connectivity,809,308.20040899795504,270.28629856850716,65.0
connectivity,810,308.48670756646214,270.6952965235174,65.0
connectivity,811,308.77300613496936,271.1042944785276,65.0
connectivity,812,309.05930470347647,271.5132924335378,65.0
connectivity,813,309.34560327198363,271.92229038854805,65.0
connectivity,814,309.6319018404908,272.3312883435583,65.0
connectivity,815,309.91820040899796,272.7402862985685,65.0
connectivity,816,310.2044989775051,273.14928425357874,65.0
connectivity,817,310.49079754601223,273.55828220858893,65.0
connectivity,818,310.77709611451945,273.9672801635992,65.0
connectivity,819,311.06339468302656,274.37627811860943,65.0
connectivity,820,311.3496932515337,274.7852760736196,65.0
connectivity,821,311.6359918200409,275.1942740286298,65.0
connectivity,822,311.92229038854805,275.60327198364007,65.0
connectivity,823,312.2085889570552,276.0122699386503,65.0
connectivity,824,312.4948875255624,276.4212678936605,65.0
connectivity,825,312.78118609406954,276.83026584867076,65.0
connectivity,826,313.0674846625767,277.23926380368096,65.0
connectivity,827,313.35378323108387,277.6482617586912,65.0
connectivity,828,313.64008179959103,278.05725971370146,65.0
connectivity,829,313.9263803680982,278.4662576687117,65.0
connectivity,830,314.2126789366053,278.87525562372184,65.0
connectivity,831,314.49897750511246,279.2842535787321,65.0
connectivity,832,314.7852760736196,279.69325153374234,65.0
connectivity,833,315.0715746421268,280.10224948875253,65.0
connectivity,834,315.35787321063395,280.5112474437628,65.0
connectivity,835,315.6441717791411,280.920245398773,65.0
connectivity,836,315.9304703476483,281.3292433537832,65.0
connectivity,837,316.2167689161554,281.7382413087935,65.0
connectivity,838,316.50306748466255,282.1472392638037,65.0
connectivity,839,316.7893660531697,282.5562372188139,65.0
connectivity,840,317.0756646216769,282.9652351738241,65.0
connectivity,841,317.36196319018404,283.37423312883436,65.0
connectivity,842,317.6482617586912,283.7832310838446,65.0
connectivity,843,317.93456032719837,284.1922290388548,65.0
connectivity,844,318.22085889570553,284.601226993865,65.0
connectivity,845,318.5071574642127,285.01022494887525,65.0
connectivity,846,318.79345603271986,285.4192229038855,65.0
connectivity,847,319.079754601227,285.82822085889575,65.0
connectivity,848,319.3660531697342,286.23721881390594,65.0
connectivity,849,319.6523517382413,286.64621676891613,65.0
connectivity,850,319.93865030674846,287.0552147239264,65.0
connectivity,851,320.2249488752556,287.46421267893663,65.0
connectivity,852,320.5112474437628,287.8732106339468,65.0
connectivity,853,320.79754601226995,288.282208588957,65.0
connectivity,854,321.0838445807771,288.69120654396727,65.0
connectivity,855,321.3701431492842,289.1002044989775,65.0
connectivity,856,321.6564417177914,289.5092024539877,65.0
connectivity,857,321.94274028629854,289.91820040899796,65.0
connectivity,858,322.2290388548057,290.32719836400815,65.0
connectivity,859,322.5153374233129,290.7361963190184,65.0
connectivity,860,322.80163599182004,291.14519427402865,65.0
connectivity,861,323.0879345603272,291.5541922290389,65.0
connectivity,862,323.37423312883436,291.96319018404904,65.0
connectivity,863,323.6605316973415,292.3721881390593,65.0
connectivity,864,323.9468302658487,292.78118609406954,65.0
connectivity,865,324.23312883435585,293.19018404907973,65.0
connectivity,866,324.519427402863,293.59918200409,65.0
connectivity,867,324.8057259713701,294.0081799591002,65.0
connectivity,868,325.0920245398773,294.4171779141104,65.0
connectivity,869,325.37832310838445,294.8261758691207,65.0
connectivity,870,325.6646216768916,295.2351738241309,65.0
connectivity,871,325.9509202453988,295.64417177914106,65.0
connectivity,872,326.23721881390594,296.0531697341513,65.0
connectivity,873,326.5235173824131,296.46216768916156,65.0
connectivity,874,326.8098159509202,296.8711656441718,65.0
connectivity,875,327.0961145194274,297.280163599182,65.0
connectivity,876,327.38241308793454,297.6891615541922,65.0
connectivity,877,327.6687116564417,298.09815950920245,65.0
connectivity,878,327.95501022494886,298.5071574642127,65.0
connectivity,879,328.241308793456,298.91615541922295,65.0
connectivity,880,328.5276073619632,299.32515337423314,65.0
connectivity,881,328.81390593047036,299.73415132924333,65.0
connectivity,882,329.1002044989775,300.1431492842536,65.0
connectivity,883,329.3865030674847,300.55214723926383,65.0
connectivity,884,329.67280163599185,300.961145194274,65.0
connectivity,885,329.959100204499,301.3701431492842,65.0
connectivity,886,330.2453987730062,301.77914110429447,65.0
connectivity,887,330.5316973415133,302.1881390593047,65.0
connectivity,888,330.81799591002044,302.59713701431497,65.0
connectivity,889,331.1042944785276,303.00613496932516,65.0
connectivity,890,331.39059304703477,303.41513292433535,65.0
connectivity,891,331.67689161554193,303.8241308793456,65.0
connectivity,892,331.96319018404904,304.23312883435585,65.0
connectivity,893,332.24948875255626,304.64212678936605,65.0
connectivity,894,332.53578732106337,305.05112474437624,65.0
connectivity,895,332.82208588957053,305.4601226993865,65.0
connectivity,896,333.1083844580777,305.86912065439674,65.0
connectivity,897,333.39468302658486,306.27811860940693,65.0
connectivity,898,333.680981595092,306.6871165644172,65.0
connectivity,899,333.9672801635992,307.0961145194274,65.0
connectivity,900,334.25357873210635,307.5051124744376,65.0
connectivity,901,334.5398773006135,307.9141104294479,65.0
connectivity,902,334.8261758691207,308.3231083844581,65.0
connectivity,903,335.11247443762784,308.73210633946826,65.0
connectivity,904,335.398773006135,309.1411042944785,65.0
connectivity,905,335.6850715746421,309.55010224948876,65.0
connectivity,906,335.9713701431493,309.959100204499,65.0
connectivity,907,336.25766871165644,310.3680981595092,65.0
connectivity,908,336.5439672801636,310.7770961145194,65.0
connectivity,909,336.83026584867076,311.18609406952964,65.0
connectivity,910,337.1165644171779,311.5950920245399,65.0
connectivity,911,337.4028629856851,312.00408997955014,65.0
connectivity,912,337.6891615541922,312.41308793456034,65.0
connectivity,913,337.97546012269936,312.82208588957053,65.0
connectivity,914,338.2617586912065,313.2310838445808,65.0
connectivity,915,338.5480572597137,313.64008179959103,65.0
connectivity,916,338.83435582822085,314.0490797546012,65.0
connectivity,917,339.120654396728,314.4580777096114,65.0
connectivity,918,339.4069529652352,314.86707566462167,65.0
connectivity,919,339.69325153374234,315.2760736196319,65.0
connectivity,920,339.9795501022495,315.68507157464217,65.0
connectivity,921,340.26584867075667,316.09406952965236,65.0
connectivity,922,340.55214723926383,316.50306748466255,65.0
connectivity,923,340.838445807771,316.9120654396728,65.0
connectivity,924,341.1247443762781,317.32106339468305,65.0
connectivity,925,341.41104294478527,317.73006134969324,65.0
connectivity,926,341.69734151329243,318.13905930470344,65.0
connectivity,927,341.9836400817996,318.5480572597137,65.0
connectivity,928,342.26993865030676,318.95705521472394,65.0
connectivity,929,342.5562372188139,319.3660531697342,65.0
connectivity,930,342.842535787321,319.7750511247444,65.0
connectivity,931,343.1288343558282,320.1840490797546,65.0
connectivity,932,343.41513292433535,320.5930470347648,65.0
connectivity,933,343.7014314928425,321.0020449897751,65.0
connectivity,934,343.9877300613497,321.4110429447853,65.0
connectivity,935,344.27402862985684,321.82004089979546,65.0
connectivity,936,344.560327198364,322.2290388548057,65.0
connectivity,937,344.84662576687117,322.63803680981596,65.0
connectivity,938,345.13292433537833,323.0470347648262,65.0
connectivity,939,345.4192229038855,323.4560327198364,65.0
connectivity,940,345.70552147239266,323.8650306748466,65.0
connectivity,941,345.9918200408998,324.27402862985684,65.0
connectivity,942,346.278118609407,324.6830265848671,65.0
connectivity,943,346.56441717791415,325.09202453987734,65.0
connectivity,944,346.85071574642126,325.50102249488754,65.0
connectivity,945,347.1370143149284,325.91002044989773,65.0
connectivity,946,347.4233128834356,326.319018404908,65.0
connectivity,947,347.7096114519427,326.72801635991823,65.0
connectivity,948,347.9959100204499,327.1370143149284,65.0
connectivity,949,348.282208588957,327.5460122699386,65.0
connectivity,950,348.5685071574642,327.95501022494886,65.0
connectivity,951,348.85480572597135,328.3640081799591,65.0
connectivity,952,349.1411042944785,328.77300613496936,65.0
connectivity,953,349.4274028629857,329.18200408997956,65.0
connectivity,954,349.71370143149284,329.59100204498975,65.0
connectivity,955,350.0,330.0,65.0
